translation,language_code,word,gender,word_id,translation_id,V2,V3,V4,V5,V6,V7,V8,V9,V10,V11,V12,V13,V14,V15,V16,V17,V18,V19,V20,V21,V22,V23,V24,V25,V26,V27,V28,V29,V30,V31,V32,V33,V34,V35,V36,V37,V38,V39,V40,V41,V42,V43,V44,V45,V46,V47,V48,V49,V50,V51,V52,V53,V54,V55,V56,V57,V58,V59,V60,V61,V62,V63,V64,V65,V66,V67,V68,V69,V70,V71,V72,V73,V74,V75,V76,V77,V78,V79,V80,V81,V82,V83,V84,V85,V86,V87,V88,V89,V90,V91,V92,V93,V94,V95,V96,V97,V98,V99,V100,V101,V102,V103,V104,V105,V106,V107,V108,V109,V110,V111,V112,V113,V114,V115,V116,V117,V118,V119,V120,V121,V122,V123,V124,V125,V126,V127,V128,V129,V130,V131,V132,V133,V134,V135,V136,V137,V138,V139,V140,V141,V142,V143,V144,V145,V146,V147,V148,V149,V150,V151,V152,V153,V154,V155,V156,V157,V158,V159,V160,V161,V162,V163,V164,V165,V166,V167,V168,V169,V170,V171,V172,V173,V174,V175,V176,V177,V178,V179,V180,V181,V182,V183,V184,V185,V186,V187,V188,V189,V190,V191,V192,V193,V194,V195,V196,V197,V198,V199,V200,V201,V202,V203,V204,V205,V206,V207,V208,V209,V210,V211,V212,V213,V214,V215,V216,V217,V218,V219,V220,V221,V222,V223,V224,V225,V226,V227,V228,V229,V230,V231,V232,V233,V234,V235,V236,V237,V238,V239,V240,V241,V242,V243,V244,V245,V246,V247,V248,V249,V250,V251,V252,V253,V254,V255,V256,V257,V258,V259,V260,V261,V262,V263,V264,V265,V266,V267,V268,V269,V270,V271,V272,V273,V274,V275,V276,V277,V278,V279,V280,V281,V282,V283,V284,V285,V286,V287,V288,V289,V290,V291,V292,V293,V294,V295,V296,V297,V298,V299,V300,V301
artystyczna,pl,artistic,N,w1,t1,NA,NA,NA,NA,NA,NA,NA,NA,NA,NA,NA,NA,NA,NA,NA,NA,NA,NA,NA,NA,NA,NA,NA,NA,NA,NA,NA,NA,NA,NA,NA,NA,NA,NA,NA,NA,NA,NA,NA,NA,NA,NA,NA,NA,NA,NA,NA,NA,NA,NA,NA,NA,NA,NA,NA,NA,NA,NA,NA,NA,NA,NA,NA,NA,NA,NA,NA,NA,NA,NA,NA,NA,NA,NA,NA,NA,NA,NA,NA,NA,NA,NA,NA,NA,NA,NA,NA,NA,NA,NA,NA,NA,NA,NA,NA,NA,NA,NA,NA,NA,NA,NA,NA,NA,NA,NA,NA,NA,NA,NA,NA,NA,NA,NA,NA,NA,NA,NA,NA,NA,NA,NA,NA,NA,NA,NA,NA,NA,NA,NA,NA,NA,NA,NA,NA,NA,NA,NA,NA,NA,NA,NA,NA,NA,NA,NA,NA,NA,NA,NA,NA,NA,NA,NA,NA,NA,NA,NA,NA,NA,NA,NA,NA,NA,NA,NA,NA,NA,NA,NA,NA,NA,NA,NA,NA,NA,NA,NA,NA,NA,NA,NA,NA,NA,NA,NA,NA,NA,NA,NA,NA,NA,NA,NA,NA,NA,NA,NA,NA,NA,NA,NA,NA,NA,NA,NA,NA,NA,NA,NA,NA,NA,NA,NA,NA,NA,NA,NA,NA,NA,NA,NA,NA,NA,NA,NA,NA,NA,NA,NA,NA,NA,NA,NA,NA,NA,NA,NA,NA,NA,NA,NA,NA,NA,NA,NA,NA,NA,NA,NA,NA,NA,NA,NA,NA,NA,NA,NA,NA,NA,NA,NA,NA,NA,NA,NA,NA,NA,NA,NA,NA,NA,NA,NA,NA,NA,NA,NA,NA,NA,NA,NA,NA,NA,NA,NA,NA,NA,NA,NA,NA,NA,NA,NA,NA,NA,NA,NA,NA,NA
artystyczny,pl,artistic,N,w1,t1,NA,NA,NA,NA,NA,NA,NA,NA,NA,NA,NA,NA,NA,NA,NA,NA,NA,NA,NA,NA,NA,NA,NA,NA,NA,NA,NA,NA,NA,NA,NA,NA,NA,NA,NA,NA,NA,NA,NA,NA,NA,NA,NA,NA,NA,NA,NA,NA,NA,NA,NA,NA,NA,NA,NA,NA,NA,NA,NA,NA,NA,NA,NA,NA,NA,NA,NA,NA,NA,NA,NA,NA,NA,NA,NA,NA,NA,NA,NA,NA,NA,NA,NA,NA,NA,NA,NA,NA,NA,NA,NA,NA,NA,NA,NA,NA,NA,NA,NA,NA,NA,NA,NA,NA,NA,NA,NA,NA,NA,NA,NA,NA,NA,NA,NA,NA,NA,NA,NA,NA,NA,NA,NA,NA,NA,NA,NA,NA,NA,NA,NA,NA,NA,NA,NA,NA,NA,NA,NA,NA,NA,NA,NA,NA,NA,NA,NA,NA,NA,NA,NA,NA,NA,NA,NA,NA,NA,NA,NA,NA,NA,NA,NA,NA,NA,NA,NA,NA,NA,NA,NA,NA,NA,NA,NA,NA,NA,NA,NA,NA,NA,NA,NA,NA,NA,NA,NA,NA,NA,NA,NA,NA,NA,NA,NA,NA,NA,NA,NA,NA,NA,NA,NA,NA,NA,NA,NA,NA,NA,NA,NA,NA,NA,NA,NA,NA,NA,NA,NA,NA,NA,NA,NA,NA,NA,NA,NA,NA,NA,NA,NA,NA,NA,NA,NA,NA,NA,NA,NA,NA,NA,NA,NA,NA,NA,NA,NA,NA,NA,NA,NA,NA,NA,NA,NA,NA,NA,NA,NA,NA,NA,NA,NA,NA,NA,NA,NA,NA,NA,NA,NA,NA,NA,NA,NA,NA,NA,NA,NA,NA,NA,NA,NA,NA,NA,NA,NA,NA,NA,NA,NA,NA,NA,NA,NA,NA,NA,NA,NA,NA
bardzo,pl,super-smart,N,w1,t1,-0.027986,0.18841,-0.10793,0.24239,-0.12365,0.01614,-0.02036,0.21172,-0.2181,-0.1819,-0.053693,-0.16753,0.1088,0.014674,-0.097653,0.067191,-0.018454,-0.04289,-0.088975,0.15395,0.014273,0.17697,-0.088935,-0.29826,0.034482,0.24557,0.098088,-0.022037,-0.11619,-0.016514,-0.12677,0.10932,0.2116,-0.41767,-0.0061139,-0.31787,0.15882,-0.078247,0.062633,-0.26648,0.187,0.53967,-0.069003,0.12914,0.17102,-0.26245,-0.30377,-0.18089,-0.2162,0.015072,0.11739,0.05136,7.577e-4,0.28971,0.068316,-0.09857,-0.01588,-0.077542,0.071373,-0.037487,0.10986,0.17001,0.19851,0.13013,3.5329e-4,0.27787,0.098789,0.21968,-0.075767,-0.033265,0.065756,0.2912,0.081909,0.10371,0.09598,0.1525,-0.048548,0.08599,-0.2166,-0.11443,-0.34444,0.085437,-0.2557,-0.039064,-0.0044978,0.0082607,0.12889,0.1166,0.079855,0.3971,-0.29985,-0.067238,-0.13663,0.13702,-0.18824,-0.39768,7.6274e-4,-0.045859,-7.9269e-4,0.13028,0.28637,-0.14204,0.13818,0.20848,0.09852,-0.042243,-0.13253,-9.3491e-4,-0.029927,-0.078297,0.03756,-0.32095,0.13647,0.11502,0.0538,0.24692,-0.10975,-0.064118,-0.19753,-0.066834,-0.065352,-0.12614,0.10437,-0.19248,0.13324,-0.087221,-0.0033363,-0.071244,0.13371,0.024376,-0.01762,-0.048222,-0.070354,-0.076364,0.009018,0.063414,-0.22242,-0.12138,-0.097587,0.12793,0.30828,-0.066504,-0.10522,-0.14576,-0.33506,0.017334,0.030602,-0.066347,-9.2928e-5,-0.071995,-0.12831,0.093723,0.20154,2.8716e-4,-0.1897,0.075625,-0.17779,-0.12624,0.042398,0.087113,-0.13447,-0.17439,-0.17589,-0.18457,-0.0099731,0.092737,0.26024,-0.22102,0.015492,-0.16768,-0.21791,-0.1642,0.0039752,0.20323,0.035544,-0.13359,0.054765,-0.094522,0.13509,-0.17024,0.026405,0.072945,-0.11146,-0.0014522,-0.13362,0.029725,0.211,-0.17666,-0.046053,0.022101,-0.13376,-0.076455,-0.051505,0.099306,0.099164,-8.3625e-4,-0.068644,0.036744,0.064129,-0.20113,0.097689,0.055889,0.072726,-0.029354,0.0010766,0.087624,0.14279,0.13471,-0.020499,-0.037732,-0.042651,0.23982,-0.017135,0.062274,-0.12306,-0.2613,0.10887,0.098468,0.22386,0.16513,0.095932,-0.024132,-0.18781,-0.053647,0.086827,-0.084403,0.22925,-0.056322,0.19532,-0.20759,-0.057047,-0.0012168,-0.20306,0.02314,0.092605,-0.069752,0.13753,-0.029203,-0.014174,-0.095885,-0.065537,-0.012822,0.019307,-0.1073,-0.036773,-0.11604,-0.10209,-0.11908,0.13419,0.086802,0.13284,0.09266,-0.010188,-0.094367,0.022368,0.016666,-0.19775,0.17436,-0.026301,0.10938,-0.092385,-0.18847,0.019611,-0.042881,0.092431,0.0081061,-0.087537,-0.058453,0.022586,-0.057526,0.12197,0.12701,0.22197,-0.066503,0.092627,0.15654,0.16116,0.1158,0.096722,0.053233,-0.17567,-3.7879e-5,-0.10021,0.10973,0.30584,-0.14637,-0.37567,-0.16589,-0.1669,-0.044065,-0.029617,-0.30654,-0.080768,-0.060375,0.20226,0.056345,0.11083,0.076028,-0.2017,0.11574
biurowa,pl,office,N,w1,t1,NA,NA,NA,NA,NA,NA,NA,NA,NA,NA,NA,NA,NA,NA,NA,NA,NA,NA,NA,NA,NA,NA,NA,NA,NA,NA,NA,NA,NA,NA,NA,NA,NA,NA,NA,NA,NA,NA,NA,NA,NA,NA,NA,NA,NA,NA,NA,NA,NA,NA,NA,NA,NA,NA,NA,NA,NA,NA,NA,NA,NA,NA,NA,NA,NA,NA,NA,NA,NA,NA,NA,NA,NA,NA,NA,NA,NA,NA,NA,NA,NA,NA,NA,NA,NA,NA,NA,NA,NA,NA,NA,NA,NA,NA,NA,NA,NA,NA,NA,NA,NA,NA,NA,NA,NA,NA,NA,NA,NA,NA,NA,NA,NA,NA,NA,NA,NA,NA,NA,NA,NA,NA,NA,NA,NA,NA,NA,NA,NA,NA,NA,NA,NA,NA,NA,NA,NA,NA,NA,NA,NA,NA,NA,NA,NA,NA,NA,NA,NA,NA,NA,NA,NA,NA,NA,NA,NA,NA,NA,NA,NA,NA,NA,NA,NA,NA,NA,NA,NA,NA,NA,NA,NA,NA,NA,NA,NA,NA,NA,NA,NA,NA,NA,NA,NA,NA,NA,NA,NA,NA,NA,NA,NA,NA,NA,NA,NA,NA,NA,NA,NA,NA,NA,NA,NA,NA,NA,NA,NA,NA,NA,NA,NA,NA,NA,NA,NA,NA,NA,NA,NA,NA,NA,NA,NA,NA,NA,NA,NA,NA,NA,NA,NA,NA,NA,NA,NA,NA,NA,NA,NA,NA,NA,NA,NA,NA,NA,NA,NA,NA,NA,NA,NA,NA,NA,NA,NA,NA,NA,NA,NA,NA,NA,NA,NA,NA,NA,NA,NA,NA,NA,NA,NA,NA,NA,NA,NA,NA,NA,NA,NA,NA,NA,NA,NA,NA,NA,NA,NA,NA,NA,NA,NA,NA,NA,NA,NA,NA,NA,NA
biurowy,pl,office,N,w1,t1,NA,NA,NA,NA,NA,NA,NA,NA,NA,NA,NA,NA,NA,NA,NA,NA,NA,NA,NA,NA,NA,NA,NA,NA,NA,NA,NA,NA,NA,NA,NA,NA,NA,NA,NA,NA,NA,NA,NA,NA,NA,NA,NA,NA,NA,NA,NA,NA,NA,NA,NA,NA,NA,NA,NA,NA,NA,NA,NA,NA,NA,NA,NA,NA,NA,NA,NA,NA,NA,NA,NA,NA,NA,NA,NA,NA,NA,NA,NA,NA,NA,NA,NA,NA,NA,NA,NA,NA,NA,NA,NA,NA,NA,NA,NA,NA,NA,NA,NA,NA,NA,NA,NA,NA,NA,NA,NA,NA,NA,NA,NA,NA,NA,NA,NA,NA,NA,NA,NA,NA,NA,NA,NA,NA,NA,NA,NA,NA,NA,NA,NA,NA,NA,NA,NA,NA,NA,NA,NA,NA,NA,NA,NA,NA,NA,NA,NA,NA,NA,NA,NA,NA,NA,NA,NA,NA,NA,NA,NA,NA,NA,NA,NA,NA,NA,NA,NA,NA,NA,NA,NA,NA,NA,NA,NA,NA,NA,NA,NA,NA,NA,NA,NA,NA,NA,NA,NA,NA,NA,NA,NA,NA,NA,NA,NA,NA,NA,NA,NA,NA,NA,NA,NA,NA,NA,NA,NA,NA,NA,NA,NA,NA,NA,NA,NA,NA,NA,NA,NA,NA,NA,NA,NA,NA,NA,NA,NA,NA,NA,NA,NA,NA,NA,NA,NA,NA,NA,NA,NA,NA,NA,NA,NA,NA,NA,NA,NA,NA,NA,NA,NA,NA,NA,NA,NA,NA,NA,NA,NA,NA,NA,NA,NA,NA,NA,NA,NA,NA,NA,NA,NA,NA,NA,NA,NA,NA,NA,NA,NA,NA,NA,NA,NA,NA,NA,NA,NA,NA,NA,NA,NA,NA,NA,NA,NA,NA,NA,NA,NA,NA
biznesowa,pl,business,N,w1,t1,NA,NA,NA,NA,NA,NA,NA,NA,NA,NA,NA,NA,NA,NA,NA,NA,NA,NA,NA,NA,NA,NA,NA,NA,NA,NA,NA,NA,NA,NA,NA,NA,NA,NA,NA,NA,NA,NA,NA,NA,NA,NA,NA,NA,NA,NA,NA,NA,NA,NA,NA,NA,NA,NA,NA,NA,NA,NA,NA,NA,NA,NA,NA,NA,NA,NA,NA,NA,NA,NA,NA,NA,NA,NA,NA,NA,NA,NA,NA,NA,NA,NA,NA,NA,NA,NA,NA,NA,NA,NA,NA,NA,NA,NA,NA,NA,NA,NA,NA,NA,NA,NA,NA,NA,NA,NA,NA,NA,NA,NA,NA,NA,NA,NA,NA,NA,NA,NA,NA,NA,NA,NA,NA,NA,NA,NA,NA,NA,NA,NA,NA,NA,NA,NA,NA,NA,NA,NA,NA,NA,NA,NA,NA,NA,NA,NA,NA,NA,NA,NA,NA,NA,NA,NA,NA,NA,NA,NA,NA,NA,NA,NA,NA,NA,NA,NA,NA,NA,NA,NA,NA,NA,NA,NA,NA,NA,NA,NA,NA,NA,NA,NA,NA,NA,NA,NA,NA,NA,NA,NA,NA,NA,NA,NA,NA,NA,NA,NA,NA,NA,NA,NA,NA,NA,NA,NA,NA,NA,NA,NA,NA,NA,NA,NA,NA,NA,NA,NA,NA,NA,NA,NA,NA,NA,NA,NA,NA,NA,NA,NA,NA,NA,NA,NA,NA,NA,NA,NA,NA,NA,NA,NA,NA,NA,NA,NA,NA,NA,NA,NA,NA,NA,NA,NA,NA,NA,NA,NA,NA,NA,NA,NA,NA,NA,NA,NA,NA,NA,NA,NA,NA,NA,NA,NA,NA,NA,NA,NA,NA,NA,NA,NA,NA,NA,NA,NA,NA,NA,NA,NA,NA,NA,NA,NA,NA,NA,NA,NA,NA,NA
biznesowy,pl,business,N,w1,t1,NA,NA,NA,NA,NA,NA,NA,NA,NA,NA,NA,NA,NA,NA,NA,NA,NA,NA,NA,NA,NA,NA,NA,NA,NA,NA,NA,NA,NA,NA,NA,NA,NA,NA,NA,NA,NA,NA,NA,NA,NA,NA,NA,NA,NA,NA,NA,NA,NA,NA,NA,NA,NA,NA,NA,NA,NA,NA,NA,NA,NA,NA,NA,NA,NA,NA,NA,NA,NA,NA,NA,NA,NA,NA,NA,NA,NA,NA,NA,NA,NA,NA,NA,NA,NA,NA,NA,NA,NA,NA,NA,NA,NA,NA,NA,NA,NA,NA,NA,NA,NA,NA,NA,NA,NA,NA,NA,NA,NA,NA,NA,NA,NA,NA,NA,NA,NA,NA,NA,NA,NA,NA,NA,NA,NA,NA,NA,NA,NA,NA,NA,NA,NA,NA,NA,NA,NA,NA,NA,NA,NA,NA,NA,NA,NA,NA,NA,NA,NA,NA,NA,NA,NA,NA,NA,NA,NA,NA,NA,NA,NA,NA,NA,NA,NA,NA,NA,NA,NA,NA,NA,NA,NA,NA,NA,NA,NA,NA,NA,NA,NA,NA,NA,NA,NA,NA,NA,NA,NA,NA,NA,NA,NA,NA,NA,NA,NA,NA,NA,NA,NA,NA,NA,NA,NA,NA,NA,NA,NA,NA,NA,NA,NA,NA,NA,NA,NA,NA,NA,NA,NA,NA,NA,NA,NA,NA,NA,NA,NA,NA,NA,NA,NA,NA,NA,NA,NA,NA,NA,NA,NA,NA,NA,NA,NA,NA,NA,NA,NA,NA,NA,NA,NA,NA,NA,NA,NA,NA,NA,NA,NA,NA,NA,NA,NA,NA,NA,NA,NA,NA,NA,NA,NA,NA,NA,NA,NA,NA,NA,NA,NA,NA,NA,NA,NA,NA,NA,NA,NA,NA,NA,NA,NA,NA,NA,NA,NA,NA,NA,NA
błyskotliwa,pl,brilliant,N,w1,t1,NA,NA,NA,NA,NA,NA,NA,NA,NA,NA,NA,NA,NA,NA,NA,NA,NA,NA,NA,NA,NA,NA,NA,NA,NA,NA,NA,NA,NA,NA,NA,NA,NA,NA,NA,NA,NA,NA,NA,NA,NA,NA,NA,NA,NA,NA,NA,NA,NA,NA,NA,NA,NA,NA,NA,NA,NA,NA,NA,NA,NA,NA,NA,NA,NA,NA,NA,NA,NA,NA,NA,NA,NA,NA,NA,NA,NA,NA,NA,NA,NA,NA,NA,NA,NA,NA,NA,NA,NA,NA,NA,NA,NA,NA,NA,NA,NA,NA,NA,NA,NA,NA,NA,NA,NA,NA,NA,NA,NA,NA,NA,NA,NA,NA,NA,NA,NA,NA,NA,NA,NA,NA,NA,NA,NA,NA,NA,NA,NA,NA,NA,NA,NA,NA,NA,NA,NA,NA,NA,NA,NA,NA,NA,NA,NA,NA,NA,NA,NA,NA,NA,NA,NA,NA,NA,NA,NA,NA,NA,NA,NA,NA,NA,NA,NA,NA,NA,NA,NA,NA,NA,NA,NA,NA,NA,NA,NA,NA,NA,NA,NA,NA,NA,NA,NA,NA,NA,NA,NA,NA,NA,NA,NA,NA,NA,NA,NA,NA,NA,NA,NA,NA,NA,NA,NA,NA,NA,NA,NA,NA,NA,NA,NA,NA,NA,NA,NA,NA,NA,NA,NA,NA,NA,NA,NA,NA,NA,NA,NA,NA,NA,NA,NA,NA,NA,NA,NA,NA,NA,NA,NA,NA,NA,NA,NA,NA,NA,NA,NA,NA,NA,NA,NA,NA,NA,NA,NA,NA,NA,NA,NA,NA,NA,NA,NA,NA,NA,NA,NA,NA,NA,NA,NA,NA,NA,NA,NA,NA,NA,NA,NA,NA,NA,NA,NA,NA,NA,NA,NA,NA,NA,NA,NA,NA,NA,NA,NA,NA,NA,NA
błyskotliwy,pl,brilliant,N,w1,t1,NA,NA,NA,NA,NA,NA,NA,NA,NA,NA,NA,NA,NA,NA,NA,NA,NA,NA,NA,NA,NA,NA,NA,NA,NA,NA,NA,NA,NA,NA,NA,NA,NA,NA,NA,NA,NA,NA,NA,NA,NA,NA,NA,NA,NA,NA,NA,NA,NA,NA,NA,NA,NA,NA,NA,NA,NA,NA,NA,NA,NA,NA,NA,NA,NA,NA,NA,NA,NA,NA,NA,NA,NA,NA,NA,NA,NA,NA,NA,NA,NA,NA,NA,NA,NA,NA,NA,NA,NA,NA,NA,NA,NA,NA,NA,NA,NA,NA,NA,NA,NA,NA,NA,NA,NA,NA,NA,NA,NA,NA,NA,NA,NA,NA,NA,NA,NA,NA,NA,NA,NA,NA,NA,NA,NA,NA,NA,NA,NA,NA,NA,NA,NA,NA,NA,NA,NA,NA,NA,NA,NA,NA,NA,NA,NA,NA,NA,NA,NA,NA,NA,NA,NA,NA,NA,NA,NA,NA,NA,NA,NA,NA,NA,NA,NA,NA,NA,NA,NA,NA,NA,NA,NA,NA,NA,NA,NA,NA,NA,NA,NA,NA,NA,NA,NA,NA,NA,NA,NA,NA,NA,NA,NA,NA,NA,NA,NA,NA,NA,NA,NA,NA,NA,NA,NA,NA,NA,NA,NA,NA,NA,NA,NA,NA,NA,NA,NA,NA,NA,NA,NA,NA,NA,NA,NA,NA,NA,NA,NA,NA,NA,NA,NA,NA,NA,NA,NA,NA,NA,NA,NA,NA,NA,NA,NA,NA,NA,NA,NA,NA,NA,NA,NA,NA,NA,NA,NA,NA,NA,NA,NA,NA,NA,NA,NA,NA,NA,NA,NA,NA,NA,NA,NA,NA,NA,NA,NA,NA,NA,NA,NA,NA,NA,NA,NA,NA,NA,NA,NA,NA,NA,NA,NA,NA,NA,NA,NA,NA,NA,NA
brat,pl,brother,N,w1,t1,NA,NA,NA,NA,NA,NA,NA,NA,NA,NA,NA,NA,NA,NA,NA,NA,NA,NA,NA,NA,NA,NA,NA,NA,NA,NA,NA,NA,NA,NA,NA,NA,NA,NA,NA,NA,NA,NA,NA,NA,NA,NA,NA,NA,NA,NA,NA,NA,NA,NA,NA,NA,NA,NA,NA,NA,NA,NA,NA,NA,NA,NA,NA,NA,NA,NA,NA,NA,NA,NA,NA,NA,NA,NA,NA,NA,NA,NA,NA,NA,NA,NA,NA,NA,NA,NA,NA,NA,NA,NA,NA,NA,NA,NA,NA,NA,NA,NA,NA,NA,NA,NA,NA,NA,NA,NA,NA,NA,NA,NA,NA,NA,NA,NA,NA,NA,NA,NA,NA,NA,NA,NA,NA,NA,NA,NA,NA,NA,NA,NA,NA,NA,NA,NA,NA,NA,NA,NA,NA,NA,NA,NA,NA,NA,NA,NA,NA,NA,NA,NA,NA,NA,NA,NA,NA,NA,NA,NA,NA,NA,NA,NA,NA,NA,NA,NA,NA,NA,NA,NA,NA,NA,NA,NA,NA,NA,NA,NA,NA,NA,NA,NA,NA,NA,NA,NA,NA,NA,NA,NA,NA,NA,NA,NA,NA,NA,NA,NA,NA,NA,NA,NA,NA,NA,NA,NA,NA,NA,NA,NA,NA,NA,NA,NA,NA,NA,NA,NA,NA,NA,NA,NA,NA,NA,NA,NA,NA,NA,NA,NA,NA,NA,NA,NA,NA,NA,NA,NA,NA,NA,NA,NA,NA,NA,NA,NA,NA,NA,NA,NA,NA,NA,NA,NA,NA,NA,NA,NA,NA,NA,NA,NA,NA,NA,NA,NA,NA,NA,NA,NA,NA,NA,NA,NA,NA,NA,NA,NA,NA,NA,NA,NA,NA,NA,NA,NA,NA,NA,NA,NA,NA,NA,NA,NA,NA,NA,NA,NA,NA,NA
chłopiec,pl,boy,N,w1,t1,NA,NA,NA,NA,NA,NA,NA,NA,NA,NA,NA,NA,NA,NA,NA,NA,NA,NA,NA,NA,NA,NA,NA,NA,NA,NA,NA,NA,NA,NA,NA,NA,NA,NA,NA,NA,NA,NA,NA,NA,NA,NA,NA,NA,NA,NA,NA,NA,NA,NA,NA,NA,NA,NA,NA,NA,NA,NA,NA,NA,NA,NA,NA,NA,NA,NA,NA,NA,NA,NA,NA,NA,NA,NA,NA,NA,NA,NA,NA,NA,NA,NA,NA,NA,NA,NA,NA,NA,NA,NA,NA,NA,NA,NA,NA,NA,NA,NA,NA,NA,NA,NA,NA,NA,NA,NA,NA,NA,NA,NA,NA,NA,NA,NA,NA,NA,NA,NA,NA,NA,NA,NA,NA,NA,NA,NA,NA,NA,NA,NA,NA,NA,NA,NA,NA,NA,NA,NA,NA,NA,NA,NA,NA,NA,NA,NA,NA,NA,NA,NA,NA,NA,NA,NA,NA,NA,NA,NA,NA,NA,NA,NA,NA,NA,NA,NA,NA,NA,NA,NA,NA,NA,NA,NA,NA,NA,NA,NA,NA,NA,NA,NA,NA,NA,NA,NA,NA,NA,NA,NA,NA,NA,NA,NA,NA,NA,NA,NA,NA,NA,NA,NA,NA,NA,NA,NA,NA,NA,NA,NA,NA,NA,NA,NA,NA,NA,NA,NA,NA,NA,NA,NA,NA,NA,NA,NA,NA,NA,NA,NA,NA,NA,NA,NA,NA,NA,NA,NA,NA,NA,NA,NA,NA,NA,NA,NA,NA,NA,NA,NA,NA,NA,NA,NA,NA,NA,NA,NA,NA,NA,NA,NA,NA,NA,NA,NA,NA,NA,NA,NA,NA,NA,NA,NA,NA,NA,NA,NA,NA,NA,NA,NA,NA,NA,NA,NA,NA,NA,NA,NA,NA,NA,NA,NA,NA,NA,NA,NA,NA,NA
córka,pl,daughter,N,w1,t1,NA,NA,NA,NA,NA,NA,NA,NA,NA,NA,NA,NA,NA,NA,NA,NA,NA,NA,NA,NA,NA,NA,NA,NA,NA,NA,NA,NA,NA,NA,NA,NA,NA,NA,NA,NA,NA,NA,NA,NA,NA,NA,NA,NA,NA,NA,NA,NA,NA,NA,NA,NA,NA,NA,NA,NA,NA,NA,NA,NA,NA,NA,NA,NA,NA,NA,NA,NA,NA,NA,NA,NA,NA,NA,NA,NA,NA,NA,NA,NA,NA,NA,NA,NA,NA,NA,NA,NA,NA,NA,NA,NA,NA,NA,NA,NA,NA,NA,NA,NA,NA,NA,NA,NA,NA,NA,NA,NA,NA,NA,NA,NA,NA,NA,NA,NA,NA,NA,NA,NA,NA,NA,NA,NA,NA,NA,NA,NA,NA,NA,NA,NA,NA,NA,NA,NA,NA,NA,NA,NA,NA,NA,NA,NA,NA,NA,NA,NA,NA,NA,NA,NA,NA,NA,NA,NA,NA,NA,NA,NA,NA,NA,NA,NA,NA,NA,NA,NA,NA,NA,NA,NA,NA,NA,NA,NA,NA,NA,NA,NA,NA,NA,NA,NA,NA,NA,NA,NA,NA,NA,NA,NA,NA,NA,NA,NA,NA,NA,NA,NA,NA,NA,NA,NA,NA,NA,NA,NA,NA,NA,NA,NA,NA,NA,NA,NA,NA,NA,NA,NA,NA,NA,NA,NA,NA,NA,NA,NA,NA,NA,NA,NA,NA,NA,NA,NA,NA,NA,NA,NA,NA,NA,NA,NA,NA,NA,NA,NA,NA,NA,NA,NA,NA,NA,NA,NA,NA,NA,NA,NA,NA,NA,NA,NA,NA,NA,NA,NA,NA,NA,NA,NA,NA,NA,NA,NA,NA,NA,NA,NA,NA,NA,NA,NA,NA,NA,NA,NA,NA,NA,NA,NA,NA,NA,NA,NA,NA,NA,NA,NA
domowa,pl,home,N,w1,t1,-0.24906,1.088,-0.40159,0.87244,0.16209,-0.076977,-0.086676,0.046609,-0.031769,-0.006524,-0.074639,-0.12648,0.21564,0.046008,-0.13677,-0.041715,-0.0051317,0.051508,-0.13281,-0.017224,-0.21913,-0.18895,0.087259,-0.023066,-0.15709,0.0035812,0.060044,0.11164,0.071046,0.22452,0.010335,-0.29162,-0.22546,0.097241,0.064485,0.24516,0.078337,0.037566,-0.18912,0.31634,0.12797,-0.019021,0.19251,-0.016313,-0.11841,0.0065213,0.12372,0.12812,0.043285,-0.014247,0.22418,0.041078,0.054214,0.13199,0.11116,0.080882,-0.024274,0.026283,-0.075071,-0.076316,-0.14032,0.090883,0.12182,-0.11879,-0.020545,-0.1236,-0.043173,0.17571,0.15511,-0.24454,-0.21645,0.4499,-0.062258,0.20392,-0.04797,0.064985,0.16276,-0.018934,-0.16126,0.065434,-0.096445,0.28454,-0.12217,-0.055223,-0.14288,0.26656,0.091409,0.05054,0.092836,0.20293,-0.099338,-0.048201,-0.089132,0.14385,-0.022102,-0.27666,0.02299,0.038982,0.10347,-0.14296,0.13157,0.014237,0.27784,-0.049631,0.12913,-0.3118,0.046616,0.007565,-0.0031345,-0.17274,0.052289,-0.14748,0.060308,0.081512,0.21705,0.046065,0.21197,-0.11243,-0.53403,0.22237,-0.24081,-0.18135,0.014263,-0.41438,-0.0022432,0.053517,0.11136,-0.086944,-0.14814,0.15994,-0.19947,-0.16808,-0.13428,-0.32775,-0.023802,-0.01236,-0.14117,-0.16372,-0.062964,0.10848,0.23629,-0.04116,-0.21897,-0.06555,0.070104,-0.085542000000000007,0.024965,-0.057946,-0.22749,0.095104,-0.19915,0.23339,0.14843,-0.21809,-0.27849,-0.0067964,-0.15935,0.042702,0.13012,-0.18223,-0.042503,-5.9109e-5,0.03829,-0.099811,0.13992,-0.055907,0.26119,-0.054348,-0.23266,-0.1727,-0.043349,0.19106,-0.0031014,-0.23706,-0.23467,0.10976,0.0204,0.042518,-0.024011,0.011807,0.083363,-0.11265,-0.22282,0.016586,-0.19375,0.039445,-0.027493,0.46437,-0.090005,0.6637,0.0053366,0.44789,0.13972,0.29404,0.050798,0.01379,-0.20938,-0.24852,0.17513,0.11756,0.13577,-0.20734,0.1307,-0.021066,0.19518,-0.15218,-0.058746,-0.056991,-0.097976,0.068078,-0.31655,-0.017362,-0.11343,-0.108,0.056699,-0.26719,0.12147,-0.202,0.10042,0.22239,0.095044,0.07609,-0.29307,0.13988,0.10013,-0.015286,0.22581,-0.027005,0.14104,-0.024169,-0.039933,0.2158,0.067051,-0.10686,-0.0057304,-0.10629,0.21461,0.071687,-0.076063,0.22174,0.048494,-0.074722,0.26874,-0.088651,-0.076555,0.094345,-0.027619,-0.099775,0.22132,-0.0049358,-0.13069,-0.041981,-0.085835,-0.04867,-0.023154,-0.23137,-0.072239,0.197,-0.052945,0.39724,-0.10332,0.081725,0.028834,0.2063,-0.08394,0.071691,0.082014,-0.14736,0.21322,-0.07877,0.14023,0.36622,0.23577,-0.23642,-0.05153,0.20639,0.038212,0.05222,0.08409,0.13679,-0.059076,0.035919,0.10141,-0.18948,0.099023,-0.20124,-0.13668,0.12933,-0.095883,-0.11488,0.10462,-0.022282,-0.24358,-0.24399,0.1165,0.077307,-0.11033,0.21557,-0.085108,-0.11722
domowy,pl,home,N,w1,t1,NA,NA,NA,NA,NA,NA,NA,NA,NA,NA,NA,NA,NA,NA,NA,NA,NA,NA,NA,NA,NA,NA,NA,NA,NA,NA,NA,NA,NA,NA,NA,NA,NA,NA,NA,NA,NA,NA,NA,NA,NA,NA,NA,NA,NA,NA,NA,NA,NA,NA,NA,NA,NA,NA,NA,NA,NA,NA,NA,NA,NA,NA,NA,NA,NA,NA,NA,NA,NA,NA,NA,NA,NA,NA,NA,NA,NA,NA,NA,NA,NA,NA,NA,NA,NA,NA,NA,NA,NA,NA,NA,NA,NA,NA,NA,NA,NA,NA,NA,NA,NA,NA,NA,NA,NA,NA,NA,NA,NA,NA,NA,NA,NA,NA,NA,NA,NA,NA,NA,NA,NA,NA,NA,NA,NA,NA,NA,NA,NA,NA,NA,NA,NA,NA,NA,NA,NA,NA,NA,NA,NA,NA,NA,NA,NA,NA,NA,NA,NA,NA,NA,NA,NA,NA,NA,NA,NA,NA,NA,NA,NA,NA,NA,NA,NA,NA,NA,NA,NA,NA,NA,NA,NA,NA,NA,NA,NA,NA,NA,NA,NA,NA,NA,NA,NA,NA,NA,NA,NA,NA,NA,NA,NA,NA,NA,NA,NA,NA,NA,NA,NA,NA,NA,NA,NA,NA,NA,NA,NA,NA,NA,NA,NA,NA,NA,NA,NA,NA,NA,NA,NA,NA,NA,NA,NA,NA,NA,NA,NA,NA,NA,NA,NA,NA,NA,NA,NA,NA,NA,NA,NA,NA,NA,NA,NA,NA,NA,NA,NA,NA,NA,NA,NA,NA,NA,NA,NA,NA,NA,NA,NA,NA,NA,NA,NA,NA,NA,NA,NA,NA,NA,NA,NA,NA,NA,NA,NA,NA,NA,NA,NA,NA,NA,NA,NA,NA,NA,NA,NA,NA,NA,NA,NA,NA,NA,NA,NA,NA,NA,NA
dyrektor,pl,executive,M,w1,t1,NA,NA,NA,NA,NA,NA,NA,NA,NA,NA,NA,NA,NA,NA,NA,NA,NA,NA,NA,NA,NA,NA,NA,NA,NA,NA,NA,NA,NA,NA,NA,NA,NA,NA,NA,NA,NA,NA,NA,NA,NA,NA,NA,NA,NA,NA,NA,NA,NA,NA,NA,NA,NA,NA,NA,NA,NA,NA,NA,NA,NA,NA,NA,NA,NA,NA,NA,NA,NA,NA,NA,NA,NA,NA,NA,NA,NA,NA,NA,NA,NA,NA,NA,NA,NA,NA,NA,NA,NA,NA,NA,NA,NA,NA,NA,NA,NA,NA,NA,NA,NA,NA,NA,NA,NA,NA,NA,NA,NA,NA,NA,NA,NA,NA,NA,NA,NA,NA,NA,NA,NA,NA,NA,NA,NA,NA,NA,NA,NA,NA,NA,NA,NA,NA,NA,NA,NA,NA,NA,NA,NA,NA,NA,NA,NA,NA,NA,NA,NA,NA,NA,NA,NA,NA,NA,NA,NA,NA,NA,NA,NA,NA,NA,NA,NA,NA,NA,NA,NA,NA,NA,NA,NA,NA,NA,NA,NA,NA,NA,NA,NA,NA,NA,NA,NA,NA,NA,NA,NA,NA,NA,NA,NA,NA,NA,NA,NA,NA,NA,NA,NA,NA,NA,NA,NA,NA,NA,NA,NA,NA,NA,NA,NA,NA,NA,NA,NA,NA,NA,NA,NA,NA,NA,NA,NA,NA,NA,NA,NA,NA,NA,NA,NA,NA,NA,NA,NA,NA,NA,NA,NA,NA,NA,NA,NA,NA,NA,NA,NA,NA,NA,NA,NA,NA,NA,NA,NA,NA,NA,NA,NA,NA,NA,NA,NA,NA,NA,NA,NA,NA,NA,NA,NA,NA,NA,NA,NA,NA,NA,NA,NA,NA,NA,NA,NA,NA,NA,NA,NA,NA,NA,NA,NA,NA,NA,NA,NA,NA,NA,NA
dyrektorka,pl,executive,F,w1,t1,NA,NA,NA,NA,NA,NA,NA,NA,NA,NA,NA,NA,NA,NA,NA,NA,NA,NA,NA,NA,NA,NA,NA,NA,NA,NA,NA,NA,NA,NA,NA,NA,NA,NA,NA,NA,NA,NA,NA,NA,NA,NA,NA,NA,NA,NA,NA,NA,NA,NA,NA,NA,NA,NA,NA,NA,NA,NA,NA,NA,NA,NA,NA,NA,NA,NA,NA,NA,NA,NA,NA,NA,NA,NA,NA,NA,NA,NA,NA,NA,NA,NA,NA,NA,NA,NA,NA,NA,NA,NA,NA,NA,NA,NA,NA,NA,NA,NA,NA,NA,NA,NA,NA,NA,NA,NA,NA,NA,NA,NA,NA,NA,NA,NA,NA,NA,NA,NA,NA,NA,NA,NA,NA,NA,NA,NA,NA,NA,NA,NA,NA,NA,NA,NA,NA,NA,NA,NA,NA,NA,NA,NA,NA,NA,NA,NA,NA,NA,NA,NA,NA,NA,NA,NA,NA,NA,NA,NA,NA,NA,NA,NA,NA,NA,NA,NA,NA,NA,NA,NA,NA,NA,NA,NA,NA,NA,NA,NA,NA,NA,NA,NA,NA,NA,NA,NA,NA,NA,NA,NA,NA,NA,NA,NA,NA,NA,NA,NA,NA,NA,NA,NA,NA,NA,NA,NA,NA,NA,NA,NA,NA,NA,NA,NA,NA,NA,NA,NA,NA,NA,NA,NA,NA,NA,NA,NA,NA,NA,NA,NA,NA,NA,NA,NA,NA,NA,NA,NA,NA,NA,NA,NA,NA,NA,NA,NA,NA,NA,NA,NA,NA,NA,NA,NA,NA,NA,NA,NA,NA,NA,NA,NA,NA,NA,NA,NA,NA,NA,NA,NA,NA,NA,NA,NA,NA,NA,NA,NA,NA,NA,NA,NA,NA,NA,NA,NA,NA,NA,NA,NA,NA,NA,NA,NA,NA,NA,NA,NA,NA,NA
dzieci,pl,children,F,w1,t1,-0.27709,0.92751,-0.45124,0.65878,0.091179,-0.043068,0.06615,-0.078538,-0.095714,-0.29174,-0.07767,-0.11431,-0.21321,0.022408,-0.045707,-0.21895,-0.0036647,-0.022115,-0.19512,0.20305,0.12623,0.13682,-0.041166,-0.18248,-0.022311,0.37411,0.11913,-0.013388,-0.21564,-0.13313,-0.095672,0.016737,-0.09552,0.026905,-0.14813,-0.020711,-0.10365,0.042741,-0.065515,-0.087227,-0.040541,0.16979,0.041567,0.25083,-0.073337,0.078027,-0.32236,-0.19947,-0.26993,0.28261,0.052786,0.01322,-0.016722,0.030043,-0.12291,-0.093687,0.031231,0.15037,0.11875,0.024263,-0.18616,-0.041591,0.19604,0.23163,0.0069661,0.40094,0.092934,0.22743,0.089278,-0.14586,0.21247,0.10628,-0.048177,-0.23966,0.064894,0.0064926,-0.1466,0.38152,-0.21195,-0.073971,-0.051090000000000003,0.052948,0.080818,-0.29611,0.011458,0.028032,0.22253,-0.13894,0.062367,0.19863,0.037624,0.085436,0.060509,0.153,0.17775,-0.080474,-0.18232,0.12805,-0.075023,0.045383,-0.21801,0.14033,0.050995,-0.31269,0.1911,0.081522,0.10314,-0.01509,-0.14047,-0.066107,-0.0059952,0.12464,0.31004,-0.16368,0.54576,-0.03452,0.15385,-0.38142,-1.3254,0.36201,-0.2511,-0.10131,0.33162,-0.88567,0.24957,0.51564,0.10571,-0.034392,0.15394,0.61712,9.6769e-4,-0.26966,-0.75514,-0.52478,0.11474,-0.019124,0.043223,-0.033409,-1.3179e-5,0.02423,-0.089709,0.082792,-0.061543,-0.018987,0.034744,0.29378,-0.054616,-0.098823,-0.092395,-0.005359,0.11751,0.023382,-0.02402,0.094247,-0.0030531,-0.14102,0.013035,-0.14499,-0.077083,-0.024211,-0.048887,-0.1209,-0.27546,0.10756,-0.1744,0.032557,-0.36404,0.27028,-0.029783,-0.25274,0.13857,-0.27018,-0.17037,-0.017027,-0.022552,-0.14249,-0.047933,0.055013,0.0629,-0.32147,-0.39594,0.010965,-0.30373,0.10299,-0.24721,-0.18373,-0.059682,0.28817,0.16659,0.19008,0.044031,0.33088,0.29827,-0.098431,0.11557,-0.1951,-0.21723,-0.053276,0.098652,0.18874,0.32937,-0.086022,0.12047,-0.01797,0.074528,-0.084546,-0.0081651,0.1978,0.17457,-0.091355,-0.40954,0.10328,0.043144,0.094076,0.23351,-0.016553,-0.13874,-0.018304,0.18195,0.026236,-0.012204,-0.025161,-0.075086,-0.09851,0.12139,0.12487,0.14448,-0.29168,0.11908,0.05549,-0.083051,-0.05756,-0.18502,-0.058405,0.11055,0.075797,0.11264,-0.038527,-0.17225,0.1297,0.096702,-0.25732,0.067653,-0.19191,-0.041461,-0.098175,-0.25979,-0.19144,0.1755,0.12259,-0.14025,0.092758,0.045578,0.061202,0.095685,0.081729,-0.06729,0.066582,-0.1014,-0.037466,-0.029576,-0.0112,-0.0059138,0.031902,-0.068662,0.23167,0.22072,-0.0091725,0.026584,0.033056,0.0018629,0.074969,-0.014038,-0.1752,0.10063,0.16682,0.13143,0.027797,0.0011582,-0.004886,0.16008,-0.092056,0.096757,-0.12092,-0.096299,0.10285,0.1289,-0.0094047,0.048376,0.21006,-0.055515,0.038969,0.11693,0.13814,-0.13084,-0.25124,-0.076211,0.073277,-0.20112,0.12986
dzieci,pl,children,M,w1,t1,-0.27709,0.92751,-0.45124,0.65878,0.091179,-0.043068,0.06615,-0.078538,-0.095714,-0.29174,-0.07767,-0.11431,-0.21321,0.022408,-0.045707,-0.21895,-0.0036647,-0.022115,-0.19512,0.20305,0.12623,0.13682,-0.041166,-0.18248,-0.022311,0.37411,0.11913,-0.013388,-0.21564,-0.13313,-0.095672,0.016737,-0.09552,0.026905,-0.14813,-0.020711,-0.10365,0.042741,-0.065515,-0.087227,-0.040541,0.16979,0.041567,0.25083,-0.073337,0.078027,-0.32236,-0.19947,-0.26993,0.28261,0.052786,0.01322,-0.016722,0.030043,-0.12291,-0.093687,0.031231,0.15037,0.11875,0.024263,-0.18616,-0.041591,0.19604,0.23163,0.0069661,0.40094,0.092934,0.22743,0.089278,-0.14586,0.21247,0.10628,-0.048177,-0.23966,0.064894,0.0064926,-0.1466,0.38152,-0.21195,-0.073971,-0.051090000000000003,0.052948,0.080818,-0.29611,0.011458,0.028032,0.22253,-0.13894,0.062367,0.19863,0.037624,0.085436,0.060509,0.153,0.17775,-0.080474,-0.18232,0.12805,-0.075023,0.045383,-0.21801,0.14033,0.050995,-0.31269,0.1911,0.081522,0.10314,-0.01509,-0.14047,-0.066107,-0.0059952,0.12464,0.31004,-0.16368,0.54576,-0.03452,0.15385,-0.38142,-1.3254,0.36201,-0.2511,-0.10131,0.33162,-0.88567,0.24957,0.51564,0.10571,-0.034392,0.15394,0.61712,9.6769e-4,-0.26966,-0.75514,-0.52478,0.11474,-0.019124,0.043223,-0.033409,-1.3179e-5,0.02423,-0.089709,0.082792,-0.061543,-0.018987,0.034744,0.29378,-0.054616,-0.098823,-0.092395,-0.005359,0.11751,0.023382,-0.02402,0.094247,-0.0030531,-0.14102,0.013035,-0.14499,-0.077083,-0.024211,-0.048887,-0.1209,-0.27546,0.10756,-0.1744,0.032557,-0.36404,0.27028,-0.029783,-0.25274,0.13857,-0.27018,-0.17037,-0.017027,-0.022552,-0.14249,-0.047933,0.055013,0.0629,-0.32147,-0.39594,0.010965,-0.30373,0.10299,-0.24721,-0.18373,-0.059682,0.28817,0.16659,0.19008,0.044031,0.33088,0.29827,-0.098431,0.11557,-0.1951,-0.21723,-0.053276,0.098652,0.18874,0.32937,-0.086022,0.12047,-0.01797,0.074528,-0.084546,-0.0081651,0.1978,0.17457,-0.091355,-0.40954,0.10328,0.043144,0.094076,0.23351,-0.016553,-0.13874,-0.018304,0.18195,0.026236,-0.012204,-0.025161,-0.075086,-0.09851,0.12139,0.12487,0.14448,-0.29168,0.11908,0.05549,-0.083051,-0.05756,-0.18502,-0.058405,0.11055,0.075797,0.11264,-0.038527,-0.17225,0.1297,0.096702,-0.25732,0.067653,-0.19191,-0.041461,-0.098175,-0.25979,-0.19144,0.1755,0.12259,-0.14025,0.092758,0.045578,0.061202,0.095685,0.081729,-0.06729,0.066582,-0.1014,-0.037466,-0.029576,-0.0112,-0.0059138,0.031902,-0.068662,0.23167,0.22072,-0.0091725,0.026584,0.033056,0.0018629,0.074969,-0.014038,-0.1752,0.10063,0.16682,0.13143,0.027797,0.0011582,-0.004886,0.16008,-0.092056,0.096757,-0.12092,-0.096299,0.10285,0.1289,-0.0094047,0.048376,0.21006,-0.055515,0.038969,0.11693,0.13814,-0.13084,-0.25124,-0.076211,0.073277,-0.20112,0.12986
dziewczyna,pl,girl,N,w1,t1,NA,NA,NA,NA,NA,NA,NA,NA,NA,NA,NA,NA,NA,NA,NA,NA,NA,NA,NA,NA,NA,NA,NA,NA,NA,NA,NA,NA,NA,NA,NA,NA,NA,NA,NA,NA,NA,NA,NA,NA,NA,NA,NA,NA,NA,NA,NA,NA,NA,NA,NA,NA,NA,NA,NA,NA,NA,NA,NA,NA,NA,NA,NA,NA,NA,NA,NA,NA,NA,NA,NA,NA,NA,NA,NA,NA,NA,NA,NA,NA,NA,NA,NA,NA,NA,NA,NA,NA,NA,NA,NA,NA,NA,NA,NA,NA,NA,NA,NA,NA,NA,NA,NA,NA,NA,NA,NA,NA,NA,NA,NA,NA,NA,NA,NA,NA,NA,NA,NA,NA,NA,NA,NA,NA,NA,NA,NA,NA,NA,NA,NA,NA,NA,NA,NA,NA,NA,NA,NA,NA,NA,NA,NA,NA,NA,NA,NA,NA,NA,NA,NA,NA,NA,NA,NA,NA,NA,NA,NA,NA,NA,NA,NA,NA,NA,NA,NA,NA,NA,NA,NA,NA,NA,NA,NA,NA,NA,NA,NA,NA,NA,NA,NA,NA,NA,NA,NA,NA,NA,NA,NA,NA,NA,NA,NA,NA,NA,NA,NA,NA,NA,NA,NA,NA,NA,NA,NA,NA,NA,NA,NA,NA,NA,NA,NA,NA,NA,NA,NA,NA,NA,NA,NA,NA,NA,NA,NA,NA,NA,NA,NA,NA,NA,NA,NA,NA,NA,NA,NA,NA,NA,NA,NA,NA,NA,NA,NA,NA,NA,NA,NA,NA,NA,NA,NA,NA,NA,NA,NA,NA,NA,NA,NA,NA,NA,NA,NA,NA,NA,NA,NA,NA,NA,NA,NA,NA,NA,NA,NA,NA,NA,NA,NA,NA,NA,NA,NA,NA,NA,NA,NA,NA,NA,NA,NA,NA,NA,NA,NA,NA
fantastyczna,pl,super-imaginative,N,w1,t1,NA,NA,NA,NA,NA,NA,NA,NA,NA,NA,NA,NA,NA,NA,NA,NA,NA,NA,NA,NA,NA,NA,NA,NA,NA,NA,NA,NA,NA,NA,NA,NA,NA,NA,NA,NA,NA,NA,NA,NA,NA,NA,NA,NA,NA,NA,NA,NA,NA,NA,NA,NA,NA,NA,NA,NA,NA,NA,NA,NA,NA,NA,NA,NA,NA,NA,NA,NA,NA,NA,NA,NA,NA,NA,NA,NA,NA,NA,NA,NA,NA,NA,NA,NA,NA,NA,NA,NA,NA,NA,NA,NA,NA,NA,NA,NA,NA,NA,NA,NA,NA,NA,NA,NA,NA,NA,NA,NA,NA,NA,NA,NA,NA,NA,NA,NA,NA,NA,NA,NA,NA,NA,NA,NA,NA,NA,NA,NA,NA,NA,NA,NA,NA,NA,NA,NA,NA,NA,NA,NA,NA,NA,NA,NA,NA,NA,NA,NA,NA,NA,NA,NA,NA,NA,NA,NA,NA,NA,NA,NA,NA,NA,NA,NA,NA,NA,NA,NA,NA,NA,NA,NA,NA,NA,NA,NA,NA,NA,NA,NA,NA,NA,NA,NA,NA,NA,NA,NA,NA,NA,NA,NA,NA,NA,NA,NA,NA,NA,NA,NA,NA,NA,NA,NA,NA,NA,NA,NA,NA,NA,NA,NA,NA,NA,NA,NA,NA,NA,NA,NA,NA,NA,NA,NA,NA,NA,NA,NA,NA,NA,NA,NA,NA,NA,NA,NA,NA,NA,NA,NA,NA,NA,NA,NA,NA,NA,NA,NA,NA,NA,NA,NA,NA,NA,NA,NA,NA,NA,NA,NA,NA,NA,NA,NA,NA,NA,NA,NA,NA,NA,NA,NA,NA,NA,NA,NA,NA,NA,NA,NA,NA,NA,NA,NA,NA,NA,NA,NA,NA,NA,NA,NA,NA,NA,NA,NA,NA,NA,NA,NA
fantastyczny,pl,super-imaginative,N,w1,t1,NA,NA,NA,NA,NA,NA,NA,NA,NA,NA,NA,NA,NA,NA,NA,NA,NA,NA,NA,NA,NA,NA,NA,NA,NA,NA,NA,NA,NA,NA,NA,NA,NA,NA,NA,NA,NA,NA,NA,NA,NA,NA,NA,NA,NA,NA,NA,NA,NA,NA,NA,NA,NA,NA,NA,NA,NA,NA,NA,NA,NA,NA,NA,NA,NA,NA,NA,NA,NA,NA,NA,NA,NA,NA,NA,NA,NA,NA,NA,NA,NA,NA,NA,NA,NA,NA,NA,NA,NA,NA,NA,NA,NA,NA,NA,NA,NA,NA,NA,NA,NA,NA,NA,NA,NA,NA,NA,NA,NA,NA,NA,NA,NA,NA,NA,NA,NA,NA,NA,NA,NA,NA,NA,NA,NA,NA,NA,NA,NA,NA,NA,NA,NA,NA,NA,NA,NA,NA,NA,NA,NA,NA,NA,NA,NA,NA,NA,NA,NA,NA,NA,NA,NA,NA,NA,NA,NA,NA,NA,NA,NA,NA,NA,NA,NA,NA,NA,NA,NA,NA,NA,NA,NA,NA,NA,NA,NA,NA,NA,NA,NA,NA,NA,NA,NA,NA,NA,NA,NA,NA,NA,NA,NA,NA,NA,NA,NA,NA,NA,NA,NA,NA,NA,NA,NA,NA,NA,NA,NA,NA,NA,NA,NA,NA,NA,NA,NA,NA,NA,NA,NA,NA,NA,NA,NA,NA,NA,NA,NA,NA,NA,NA,NA,NA,NA,NA,NA,NA,NA,NA,NA,NA,NA,NA,NA,NA,NA,NA,NA,NA,NA,NA,NA,NA,NA,NA,NA,NA,NA,NA,NA,NA,NA,NA,NA,NA,NA,NA,NA,NA,NA,NA,NA,NA,NA,NA,NA,NA,NA,NA,NA,NA,NA,NA,NA,NA,NA,NA,NA,NA,NA,NA,NA,NA,NA,NA,NA,NA,NA,NA
genialna,pl,genius,N,w1,t1,NA,NA,NA,NA,NA,NA,NA,NA,NA,NA,NA,NA,NA,NA,NA,NA,NA,NA,NA,NA,NA,NA,NA,NA,NA,NA,NA,NA,NA,NA,NA,NA,NA,NA,NA,NA,NA,NA,NA,NA,NA,NA,NA,NA,NA,NA,NA,NA,NA,NA,NA,NA,NA,NA,NA,NA,NA,NA,NA,NA,NA,NA,NA,NA,NA,NA,NA,NA,NA,NA,NA,NA,NA,NA,NA,NA,NA,NA,NA,NA,NA,NA,NA,NA,NA,NA,NA,NA,NA,NA,NA,NA,NA,NA,NA,NA,NA,NA,NA,NA,NA,NA,NA,NA,NA,NA,NA,NA,NA,NA,NA,NA,NA,NA,NA,NA,NA,NA,NA,NA,NA,NA,NA,NA,NA,NA,NA,NA,NA,NA,NA,NA,NA,NA,NA,NA,NA,NA,NA,NA,NA,NA,NA,NA,NA,NA,NA,NA,NA,NA,NA,NA,NA,NA,NA,NA,NA,NA,NA,NA,NA,NA,NA,NA,NA,NA,NA,NA,NA,NA,NA,NA,NA,NA,NA,NA,NA,NA,NA,NA,NA,NA,NA,NA,NA,NA,NA,NA,NA,NA,NA,NA,NA,NA,NA,NA,NA,NA,NA,NA,NA,NA,NA,NA,NA,NA,NA,NA,NA,NA,NA,NA,NA,NA,NA,NA,NA,NA,NA,NA,NA,NA,NA,NA,NA,NA,NA,NA,NA,NA,NA,NA,NA,NA,NA,NA,NA,NA,NA,NA,NA,NA,NA,NA,NA,NA,NA,NA,NA,NA,NA,NA,NA,NA,NA,NA,NA,NA,NA,NA,NA,NA,NA,NA,NA,NA,NA,NA,NA,NA,NA,NA,NA,NA,NA,NA,NA,NA,NA,NA,NA,NA,NA,NA,NA,NA,NA,NA,NA,NA,NA,NA,NA,NA,NA,NA,NA,NA,NA,NA
genialny,pl,genius,N,w1,t1,NA,NA,NA,NA,NA,NA,NA,NA,NA,NA,NA,NA,NA,NA,NA,NA,NA,NA,NA,NA,NA,NA,NA,NA,NA,NA,NA,NA,NA,NA,NA,NA,NA,NA,NA,NA,NA,NA,NA,NA,NA,NA,NA,NA,NA,NA,NA,NA,NA,NA,NA,NA,NA,NA,NA,NA,NA,NA,NA,NA,NA,NA,NA,NA,NA,NA,NA,NA,NA,NA,NA,NA,NA,NA,NA,NA,NA,NA,NA,NA,NA,NA,NA,NA,NA,NA,NA,NA,NA,NA,NA,NA,NA,NA,NA,NA,NA,NA,NA,NA,NA,NA,NA,NA,NA,NA,NA,NA,NA,NA,NA,NA,NA,NA,NA,NA,NA,NA,NA,NA,NA,NA,NA,NA,NA,NA,NA,NA,NA,NA,NA,NA,NA,NA,NA,NA,NA,NA,NA,NA,NA,NA,NA,NA,NA,NA,NA,NA,NA,NA,NA,NA,NA,NA,NA,NA,NA,NA,NA,NA,NA,NA,NA,NA,NA,NA,NA,NA,NA,NA,NA,NA,NA,NA,NA,NA,NA,NA,NA,NA,NA,NA,NA,NA,NA,NA,NA,NA,NA,NA,NA,NA,NA,NA,NA,NA,NA,NA,NA,NA,NA,NA,NA,NA,NA,NA,NA,NA,NA,NA,NA,NA,NA,NA,NA,NA,NA,NA,NA,NA,NA,NA,NA,NA,NA,NA,NA,NA,NA,NA,NA,NA,NA,NA,NA,NA,NA,NA,NA,NA,NA,NA,NA,NA,NA,NA,NA,NA,NA,NA,NA,NA,NA,NA,NA,NA,NA,NA,NA,NA,NA,NA,NA,NA,NA,NA,NA,NA,NA,NA,NA,NA,NA,NA,NA,NA,NA,NA,NA,NA,NA,NA,NA,NA,NA,NA,NA,NA,NA,NA,NA,NA,NA,NA,NA,NA,NA,NA,NA,NA
jego,pl,his,N,w1,t1,0.10735,-0.52136,0.2039,-0.26007,0.092645,0.044094,-0.01679,0.64313,-0.012462,-0.16061,0.051295,0.095419,-0.12727,-0.049632,-0.35428,-0.0023916,-0.18593,0.20076,-0.078221,0.16625,0.15253,0.1486,0.0018561,-0.29612,0.15411,-0.035095,0.22917,-0.07656,-0.29673,-0.21182,-0.063863,0.094469,0.031381,0.11706,-0.27048,0.35318,0.095618,-0.0433,-0.23699,-0.048019,0.111,0.0076629,0.12694,0.071826,-0.1428,0.042561,-0.028838,-0.31266,-0.19372,0.08725,-0.019561,0.23456,-0.10671,0.22065,-0.10964,0.0044859,0.15243,0.15406,0.076954,0.092694,-0.20649,-0.14845,0.34987,0.13679,0.41107,0.3456,0.49269,0.30251,-0.1244,-0.12171,-0.32035,0.17933,0.054218,-0.062312,-0.018603,0.14004,0.021277,-0.044197,0.015601,-0.006348,-0.24218,-0.011001,-0.2558,-0.18959,-0.10584,-0.11144,-0.046009,0.1256,-0.28145,0.47534,-0.096418,0.015373,-0.16641,0.36705,-0.13796,-0.26524,0.11908,-0.10932,-0.09555,-0.077429,0.23073,-0.088074,0.35449,0.3818,-0.17771,-0.19296,0.080515,-0.38928,-0.029229,-0.10112,0.08884,-0.31485,-0.02882,-0.11466,0.23137,0.15257,0.051273,-0.003787,-0.30409,0.0894,-0.096887,-0.14522,0.064628,-0.084868,0.0821,-0.15353,0.11622,-0.0063241,0.071339,0.20758,-0.20575,-0.14775,0.10599,-0.11272,0.043117,0.050148,-0.10716,2.2509e-4,0.035968,0.24386,0.28893,0.10227,-0.13676,-0.073868,0.0078074,-0.126,-0.089629,-0.038431,-0.04084,-0.23255,0.093783,-0.050438,0.2185,0.24409,-0.18096,0.049849,-0.060779,0.055131,0.35213,0.022001,0.13119,-0.0072074,0.1541,-0.12511,0.16684,-0.35783,0.25761,-0.20592,-0.23573,0.035323,0.032487,-0.20176,0.03694,-0.053417,0.27678,-0.22326,-0.29319,-0.13377,0.25151,-0.50171,-0.019632,0.25099,0.20874,0.13249,-0.01946,-0.054287,-0.21159,-0.042171,-0.049954,-0.032487,0.15754,0.04062,-0.041341,0.065327,0.16363,0.054146,-0.056314,0.046688,-0.10103,0.002512,-0.095968,-0.037345,0.024077,0.0016405,-0.12497,0.042535,-0.27051,-0.019064,0.08784,0.18754,-0.064741,-0.050873,0.051665,0.0010762,0.1581,-0.11721,-0.11972,0.010726,0.040382,0.15134,-0.22136,-0.21652,-0.23579,-0.14172,0.11743,-0.032645,-0.11098,0.096537,-0.017223,0.24698,0.2307,0.19228,0.022617,0.07833,-0.0013516,-0.14248,-0.11438,-0.024123,-0.38075,0.074558,0.14636,0.18523,0.10544,-0.07886,0.042321,-0.12872,-0.002064,-0.033948,0.16145,0.077909,-0.05311,0.12811,0.038421,0.054421,0.21871,0.055575,-0.12269,-0.15302,-0.061462,-0.23779,-0.11695,0.014259,-0.040786,-0.11522,0.0086766,-0.026811,0.078411,-0.19973,0.32116,-0.035262,0.52996,0.016645,0.54414,-0.32144,-0.084,0.12261,0.03255,-0.44078,-0.031196,0.020841,-0.20418,-0.0077779,0.057008,0.066563,0.033953,0.34686,0.0076203,0.070676,-0.11492,-0.10866,0.087879,0.053088,-0.17914,0.044675,-0.15928,0.3148,-0.10199,0.17127,0.044951,0.19793
jej,pl,her,N,w1,t1,0.035726,0.26892,0.068742,0.067024,-0.0015948,-0.12017,0.091689,-0.082076,-0.18644,-0.16824,-0.28199,-0.0023492,-0.19949,-0.072828,-0.41683,-0.13932,-0.17082,0.21517,0.038356,-0.072686,-0.026036,0.20304,-0.0072172,-0.0071827,0.020709,-0.070509,-0.048611,-0.14552,-0.043988,-0.42136,-0.071912,-0.074131,0.18195,0.068838,-0.094907,-0.11028,0.27965,-0.11455,0.018075,-0.096882,0.18186,0.017722,-0.098132,0.015699,0.0062246,-0.085178,0.25905,-0.19337,-0.069154,0.069594,-0.22798,0.10407,-0.10102,0.18783,-0.096621,-0.11785,0.22792,-0.024584,0.26753,0.027407,0.13603,-0.050551,0.19262,-0.11262,0.14984,0.19466,0.23926,0.012945,-0.054656,-0.11149,-0.077351,0.35221,0.26598,-0.029782,0.075362,0.053341,0.049074,0.11369,0.06497,-0.050159,-0.093919,0.040351,-0.11136,-0.099395,-0.14844,-0.18492,0.17657,-0.023304,-0.14116,-0.10469,0.31741,0.075029,-0.31316,-0.10329,8.3876e-4,0.22632,-0.017262,-0.082598,0.085772,0.23201,-0.051973,-0.041988,0.16591,-0.22642,-0.11064,0.10744,-0.057677,0.1103,-0.067436,-0.079662,0.16725,-0.27488,0.07368,-0.20278,0.29331,0.088604,0.22893,0.13844,0.061486,0.097443,-0.046279,0.18837,-0.24841,-0.078397,-0.0090519,-0.16127,-0.15084,0.0032844,-0.038817,-0.012767,0.25552,0.015855,0.085169,-0.041143,0.071128,0.13532,-0.09264,0.068409,0.021887,0.063385,0.13004,0.13365,-0.037056,0.053407,0.021032,0.2256,-0.015533,0.025015,-0.32772,-0.073265,-0.18232,0.15276,0.28388,-0.051386,-0.097181,0.3289,-0.13025,-0.029889,0.10435,0.077681,-0.034968,0.079394,-0.09179,0.13299,0.25229,-0.089499,0.030254,-0.067713,-0.1292,-0.023077,-0.010214,-0.054445,0.058735,-0.011383,0.16529,-0.10445,-0.074332,-0.14159,-0.014993,-0.079238,0.12425,0.028107,0.011482,-0.045342,-0.17654,-0.020782,-0.055197,-0.021203,0.13173,-0.11183,0.041401,0.16759,-0.13852,0.16162,-0.19942,0.1545,0.021424,-0.13241,0.24061,-0.12849,0.45812,-0.28637,0.11798,-0.024709,0.20716,0.041074,-0.14371,0.064251,0.04568,0.068912,-0.3051,0.14296,-0.048628,0.14088,0.056907,-0.14302,-0.1151,-0.30899,0.077505,0.035209,-0.11165,-0.35721,-0.46184,-0.24032,0.034736,-0.19052,0.039209,-0.0074462,-0.095128,0.15951,0.094326,0.23942,0.15778,-0.11022,0.10342,-0.16396,0.23664,0.057296,-0.39048,0.25009,0.48838,-0.035437,0.010171,0.10338,-0.20628,0.052765,-0.11168,-0.018079,0.38662,0.17795,-0.053026,-0.094767,0.056908,0.22963,-0.13754,-0.083021,-0.020332,0.23438,-0.091512,0.2027,0.0214,-0.10111,-0.027114,-0.14253,0.10834,0.041775,0.14399,0.41002,-0.0065243,-0.19266,0.068437,-0.073349,-0.0078528,-0.094065,-0.13778,0.29829,0.111,0.017192,0.088323,0.17212,-0.30462,0.014996,-0.060366,0.10886,0.55391,0.09199,-0.41795,0.039776,-0.16289,-0.16575,-0.01254,0.016945000000000002,-0.091875,-0.001971,0.28326,0.095869,-0.13909,0.10601,-0.30012,0.30372
jej,pl,hers,N,w1,t1,0.035726,0.26892,0.068742,0.067024,-0.0015948,-0.12017,0.091689,-0.082076,-0.18644,-0.16824,-0.28199,-0.0023492,-0.19949,-0.072828,-0.41683,-0.13932,-0.17082,0.21517,0.038356,-0.072686,-0.026036,0.20304,-0.0072172,-0.0071827,0.020709,-0.070509,-0.048611,-0.14552,-0.043988,-0.42136,-0.071912,-0.074131,0.18195,0.068838,-0.094907,-0.11028,0.27965,-0.11455,0.018075,-0.096882,0.18186,0.017722,-0.098132,0.015699,0.0062246,-0.085178,0.25905,-0.19337,-0.069154,0.069594,-0.22798,0.10407,-0.10102,0.18783,-0.096621,-0.11785,0.22792,-0.024584,0.26753,0.027407,0.13603,-0.050551,0.19262,-0.11262,0.14984,0.19466,0.23926,0.012945,-0.054656,-0.11149,-0.077351,0.35221,0.26598,-0.029782,0.075362,0.053341,0.049074,0.11369,0.06497,-0.050159,-0.093919,0.040351,-0.11136,-0.099395,-0.14844,-0.18492,0.17657,-0.023304,-0.14116,-0.10469,0.31741,0.075029,-0.31316,-0.10329,8.3876e-4,0.22632,-0.017262,-0.082598,0.085772,0.23201,-0.051973,-0.041988,0.16591,-0.22642,-0.11064,0.10744,-0.057677,0.1103,-0.067436,-0.079662,0.16725,-0.27488,0.07368,-0.20278,0.29331,0.088604,0.22893,0.13844,0.061486,0.097443,-0.046279,0.18837,-0.24841,-0.078397,-0.0090519,-0.16127,-0.15084,0.0032844,-0.038817,-0.012767,0.25552,0.015855,0.085169,-0.041143,0.071128,0.13532,-0.09264,0.068409,0.021887,0.063385,0.13004,0.13365,-0.037056,0.053407,0.021032,0.2256,-0.015533,0.025015,-0.32772,-0.073265,-0.18232,0.15276,0.28388,-0.051386,-0.097181,0.3289,-0.13025,-0.029889,0.10435,0.077681,-0.034968,0.079394,-0.09179,0.13299,0.25229,-0.089499,0.030254,-0.067713,-0.1292,-0.023077,-0.010214,-0.054445,0.058735,-0.011383,0.16529,-0.10445,-0.074332,-0.14159,-0.014993,-0.079238,0.12425,0.028107,0.011482,-0.045342,-0.17654,-0.020782,-0.055197,-0.021203,0.13173,-0.11183,0.041401,0.16759,-0.13852,0.16162,-0.19942,0.1545,0.021424,-0.13241,0.24061,-0.12849,0.45812,-0.28637,0.11798,-0.024709,0.20716,0.041074,-0.14371,0.064251,0.04568,0.068912,-0.3051,0.14296,-0.048628,0.14088,0.056907,-0.14302,-0.1151,-0.30899,0.077505,0.035209,-0.11165,-0.35721,-0.46184,-0.24032,0.034736,-0.19052,0.039209,-0.0074462,-0.095128,0.15951,0.094326,0.23942,0.15778,-0.11022,0.10342,-0.16396,0.23664,0.057296,-0.39048,0.25009,0.48838,-0.035437,0.010171,0.10338,-0.20628,0.052765,-0.11168,-0.018079,0.38662,0.17795,-0.053026,-0.094767,0.056908,0.22963,-0.13754,-0.083021,-0.020332,0.23438,-0.091512,0.2027,0.0214,-0.10111,-0.027114,-0.14253,0.10834,0.041775,0.14399,0.41002,-0.0065243,-0.19266,0.068437,-0.073349,-0.0078528,-0.094065,-0.13778,0.29829,0.111,0.017192,0.088323,0.17212,-0.30462,0.014996,-0.060366,0.10886,0.55391,0.09199,-0.41795,0.039776,-0.16289,-0.16575,-0.01254,0.016945000000000002,-0.091875,-0.001971,0.28326,0.095869,-0.13909,0.10601,-0.30012,0.30372
jemu,pl,him,N,w1,t1,NA,NA,NA,NA,NA,NA,NA,NA,NA,NA,NA,NA,NA,NA,NA,NA,NA,NA,NA,NA,NA,NA,NA,NA,NA,NA,NA,NA,NA,NA,NA,NA,NA,NA,NA,NA,NA,NA,NA,NA,NA,NA,NA,NA,NA,NA,NA,NA,NA,NA,NA,NA,NA,NA,NA,NA,NA,NA,NA,NA,NA,NA,NA,NA,NA,NA,NA,NA,NA,NA,NA,NA,NA,NA,NA,NA,NA,NA,NA,NA,NA,NA,NA,NA,NA,NA,NA,NA,NA,NA,NA,NA,NA,NA,NA,NA,NA,NA,NA,NA,NA,NA,NA,NA,NA,NA,NA,NA,NA,NA,NA,NA,NA,NA,NA,NA,NA,NA,NA,NA,NA,NA,NA,NA,NA,NA,NA,NA,NA,NA,NA,NA,NA,NA,NA,NA,NA,NA,NA,NA,NA,NA,NA,NA,NA,NA,NA,NA,NA,NA,NA,NA,NA,NA,NA,NA,NA,NA,NA,NA,NA,NA,NA,NA,NA,NA,NA,NA,NA,NA,NA,NA,NA,NA,NA,NA,NA,NA,NA,NA,NA,NA,NA,NA,NA,NA,NA,NA,NA,NA,NA,NA,NA,NA,NA,NA,NA,NA,NA,NA,NA,NA,NA,NA,NA,NA,NA,NA,NA,NA,NA,NA,NA,NA,NA,NA,NA,NA,NA,NA,NA,NA,NA,NA,NA,NA,NA,NA,NA,NA,NA,NA,NA,NA,NA,NA,NA,NA,NA,NA,NA,NA,NA,NA,NA,NA,NA,NA,NA,NA,NA,NA,NA,NA,NA,NA,NA,NA,NA,NA,NA,NA,NA,NA,NA,NA,NA,NA,NA,NA,NA,NA,NA,NA,NA,NA,NA,NA,NA,NA,NA,NA,NA,NA,NA,NA,NA,NA,NA,NA,NA,NA,NA,NA,NA,NA,NA,NA,NA,NA
kariera,pl,career,N,w1,t1,NA,NA,NA,NA,NA,NA,NA,NA,NA,NA,NA,NA,NA,NA,NA,NA,NA,NA,NA,NA,NA,NA,NA,NA,NA,NA,NA,NA,NA,NA,NA,NA,NA,NA,NA,NA,NA,NA,NA,NA,NA,NA,NA,NA,NA,NA,NA,NA,NA,NA,NA,NA,NA,NA,NA,NA,NA,NA,NA,NA,NA,NA,NA,NA,NA,NA,NA,NA,NA,NA,NA,NA,NA,NA,NA,NA,NA,NA,NA,NA,NA,NA,NA,NA,NA,NA,NA,NA,NA,NA,NA,NA,NA,NA,NA,NA,NA,NA,NA,NA,NA,NA,NA,NA,NA,NA,NA,NA,NA,NA,NA,NA,NA,NA,NA,NA,NA,NA,NA,NA,NA,NA,NA,NA,NA,NA,NA,NA,NA,NA,NA,NA,NA,NA,NA,NA,NA,NA,NA,NA,NA,NA,NA,NA,NA,NA,NA,NA,NA,NA,NA,NA,NA,NA,NA,NA,NA,NA,NA,NA,NA,NA,NA,NA,NA,NA,NA,NA,NA,NA,NA,NA,NA,NA,NA,NA,NA,NA,NA,NA,NA,NA,NA,NA,NA,NA,NA,NA,NA,NA,NA,NA,NA,NA,NA,NA,NA,NA,NA,NA,NA,NA,NA,NA,NA,NA,NA,NA,NA,NA,NA,NA,NA,NA,NA,NA,NA,NA,NA,NA,NA,NA,NA,NA,NA,NA,NA,NA,NA,NA,NA,NA,NA,NA,NA,NA,NA,NA,NA,NA,NA,NA,NA,NA,NA,NA,NA,NA,NA,NA,NA,NA,NA,NA,NA,NA,NA,NA,NA,NA,NA,NA,NA,NA,NA,NA,NA,NA,NA,NA,NA,NA,NA,NA,NA,NA,NA,NA,NA,NA,NA,NA,NA,NA,NA,NA,NA,NA,NA,NA,NA,NA,NA,NA,NA,NA,NA,NA,NA,NA
karierowa,pl,career,N,w1,t1,NA,NA,NA,NA,NA,NA,NA,NA,NA,NA,NA,NA,NA,NA,NA,NA,NA,NA,NA,NA,NA,NA,NA,NA,NA,NA,NA,NA,NA,NA,NA,NA,NA,NA,NA,NA,NA,NA,NA,NA,NA,NA,NA,NA,NA,NA,NA,NA,NA,NA,NA,NA,NA,NA,NA,NA,NA,NA,NA,NA,NA,NA,NA,NA,NA,NA,NA,NA,NA,NA,NA,NA,NA,NA,NA,NA,NA,NA,NA,NA,NA,NA,NA,NA,NA,NA,NA,NA,NA,NA,NA,NA,NA,NA,NA,NA,NA,NA,NA,NA,NA,NA,NA,NA,NA,NA,NA,NA,NA,NA,NA,NA,NA,NA,NA,NA,NA,NA,NA,NA,NA,NA,NA,NA,NA,NA,NA,NA,NA,NA,NA,NA,NA,NA,NA,NA,NA,NA,NA,NA,NA,NA,NA,NA,NA,NA,NA,NA,NA,NA,NA,NA,NA,NA,NA,NA,NA,NA,NA,NA,NA,NA,NA,NA,NA,NA,NA,NA,NA,NA,NA,NA,NA,NA,NA,NA,NA,NA,NA,NA,NA,NA,NA,NA,NA,NA,NA,NA,NA,NA,NA,NA,NA,NA,NA,NA,NA,NA,NA,NA,NA,NA,NA,NA,NA,NA,NA,NA,NA,NA,NA,NA,NA,NA,NA,NA,NA,NA,NA,NA,NA,NA,NA,NA,NA,NA,NA,NA,NA,NA,NA,NA,NA,NA,NA,NA,NA,NA,NA,NA,NA,NA,NA,NA,NA,NA,NA,NA,NA,NA,NA,NA,NA,NA,NA,NA,NA,NA,NA,NA,NA,NA,NA,NA,NA,NA,NA,NA,NA,NA,NA,NA,NA,NA,NA,NA,NA,NA,NA,NA,NA,NA,NA,NA,NA,NA,NA,NA,NA,NA,NA,NA,NA,NA,NA,NA,NA,NA,NA,NA
kobieta,pl,woman,N,w1,t1,0.0071981,0.57797,-0.29448,0.52516,0.10824,0.013862,-0.15412,0.33853,-0.037787,-0.13006,-0.12321,-0.051651,-0.14662,0.068132,-0.12465,0.093742,-0.15524,0.17978,0.062157,0.18089,-0.086367,0.12855,-0.062632,-0.14572,-0.11595,0.085626,0.05885,-0.034327,-0.34415,-0.12202,-0.10877,-0.040035,0.11452,-0.16212,-0.0096693,-0.033462,0.29462,0.050874,-0.11695,-0.21128,0.12864,0.18488,0.24093,0.080923,0.045865,0.052331,-0.16182,-0.36789,-0.10066,0.097255,0.1243,0.067943,-0.25204,0.21566,0.12417,-0.14883,0.020461,0.034398,0.043327,-0.02824,-0.022862,0.017109,2.7451e-4,-0.029129,0.08399,-0.21406,0.066063,-0.054485,0.2502,-0.14525,0.11541,0.28743,0.017585,-0.079674,0.18938,0.34628,0.17281,0.18374,-0.20433,0.076921,-0.27903,0.091345,-0.056687,-0.14203,-0.12814,0.18087,0.18015,-0.10209,0.002191,0.16036,-0.026645,0.074341,-0.096221,0.088763,0.0099836,-0.23991,0.071021,0.16848,-0.21226,0.21666,-0.049864,0.14469,0.29409,-0.34631,-0.011073,0.073746,0.15527,-0.17769,-0.14924,-0.16005,0.047156000000000003,-0.33319,0.15065,0.042379,0.24115,0.11704,0.18481,-0.013035,-0.55693,0.15673,-0.043502,-0.10528,-0.12003,-0.44197,0.13128,0.19804,-0.0064318,-0.12188,-0.075377,0.35111,-0.16532,0.1014,-0.42608,-0.41001,0.055766,0.079256,-0.16475,-0.090685,-0.10412,0.14024,0.098115,0.15909,-0.10572,-0.037418,-0.030586,-0.031078,0.09607,-0.14658,-0.18019,0.098126,-0.13117,0.21546,0.3097,-0.097775,-0.31905,-0.087253,-0.13542,0.070124,0.034329,-0.26802,-0.052878,-0.22208,0.095058,-0.21344,-0.12855,-0.052659,-0.10257,0.12987,-0.24195,-0.20796,-0.018157,-0.27334,-0.28359,-0.091776,-0.15362,0.070133,-0.10691,0.079673,0.035265,-0.074943,0.061433,-0.041684,-0.043069,-0.045851,-0.2479,-0.066017,-0.013404,0.046674,0.03183,0.69302,0.1163,0.16222,-0.023699,-0.0086914,0.14501,0.11146,-0.23882,-0.37005,0.19399,0.10898,0.05822,-0.10623,0.19223,-0.082387,0.26535,-0.092239,-0.032747,0.072918,-0.023474,0.19207,-0.41452,0.041938,-0.19728,0.082112,-0.11433,-0.2637,0.035103,-0.076581,0.15567,0.21684,0.019867,-0.15803,-0.35985,-0.043479,0.031806,-0.20879,0.18409,-0.01288,0.15494,-0.020443,-0.011749,0.13062000000000001,-0.40262,-0.10238,0.068406,-0.29139,0.095142,0.25667,-0.10833,0.23474,-0.028045,-0.02437,0.11139,0.055681,-0.28419,0.089901,-0.27988,-0.13029,0.08713,-0.03705,-0.098567,-0.06337,-0.036074,0.06218,-0.088585,-0.14697,-0.26462,-0.1266,-0.036597,0.17716,-0.1436,0.057531,0.15166,0.10624,-0.018962,0.072433,0.070969,-0.13227,0.22004,-0.089027,0.076876,0.18832,0.1659,0.021634,-0.044835,0.18858,0.23367,-0.090971,0.02263,-0.033474,0.051999,-0.16191,-0.24884,-0.012154,-0.099027,0.022842,-0.047144,-0.23442,-0.067874,0.048377,-0.21763,0.089482,-0.12964,-0.15988,-0.14301,-0.29641,0.012561,0.20577,-0.048234,0.12224
korporacyjna,pl,corporation,N,w1,t1,NA,NA,NA,NA,NA,NA,NA,NA,NA,NA,NA,NA,NA,NA,NA,NA,NA,NA,NA,NA,NA,NA,NA,NA,NA,NA,NA,NA,NA,NA,NA,NA,NA,NA,NA,NA,NA,NA,NA,NA,NA,NA,NA,NA,NA,NA,NA,NA,NA,NA,NA,NA,NA,NA,NA,NA,NA,NA,NA,NA,NA,NA,NA,NA,NA,NA,NA,NA,NA,NA,NA,NA,NA,NA,NA,NA,NA,NA,NA,NA,NA,NA,NA,NA,NA,NA,NA,NA,NA,NA,NA,NA,NA,NA,NA,NA,NA,NA,NA,NA,NA,NA,NA,NA,NA,NA,NA,NA,NA,NA,NA,NA,NA,NA,NA,NA,NA,NA,NA,NA,NA,NA,NA,NA,NA,NA,NA,NA,NA,NA,NA,NA,NA,NA,NA,NA,NA,NA,NA,NA,NA,NA,NA,NA,NA,NA,NA,NA,NA,NA,NA,NA,NA,NA,NA,NA,NA,NA,NA,NA,NA,NA,NA,NA,NA,NA,NA,NA,NA,NA,NA,NA,NA,NA,NA,NA,NA,NA,NA,NA,NA,NA,NA,NA,NA,NA,NA,NA,NA,NA,NA,NA,NA,NA,NA,NA,NA,NA,NA,NA,NA,NA,NA,NA,NA,NA,NA,NA,NA,NA,NA,NA,NA,NA,NA,NA,NA,NA,NA,NA,NA,NA,NA,NA,NA,NA,NA,NA,NA,NA,NA,NA,NA,NA,NA,NA,NA,NA,NA,NA,NA,NA,NA,NA,NA,NA,NA,NA,NA,NA,NA,NA,NA,NA,NA,NA,NA,NA,NA,NA,NA,NA,NA,NA,NA,NA,NA,NA,NA,NA,NA,NA,NA,NA,NA,NA,NA,NA,NA,NA,NA,NA,NA,NA,NA,NA,NA,NA,NA,NA,NA,NA,NA,NA,NA,NA,NA,NA,NA,NA
korporacyjny,pl,corporation,N,w1,t1,NA,NA,NA,NA,NA,NA,NA,NA,NA,NA,NA,NA,NA,NA,NA,NA,NA,NA,NA,NA,NA,NA,NA,NA,NA,NA,NA,NA,NA,NA,NA,NA,NA,NA,NA,NA,NA,NA,NA,NA,NA,NA,NA,NA,NA,NA,NA,NA,NA,NA,NA,NA,NA,NA,NA,NA,NA,NA,NA,NA,NA,NA,NA,NA,NA,NA,NA,NA,NA,NA,NA,NA,NA,NA,NA,NA,NA,NA,NA,NA,NA,NA,NA,NA,NA,NA,NA,NA,NA,NA,NA,NA,NA,NA,NA,NA,NA,NA,NA,NA,NA,NA,NA,NA,NA,NA,NA,NA,NA,NA,NA,NA,NA,NA,NA,NA,NA,NA,NA,NA,NA,NA,NA,NA,NA,NA,NA,NA,NA,NA,NA,NA,NA,NA,NA,NA,NA,NA,NA,NA,NA,NA,NA,NA,NA,NA,NA,NA,NA,NA,NA,NA,NA,NA,NA,NA,NA,NA,NA,NA,NA,NA,NA,NA,NA,NA,NA,NA,NA,NA,NA,NA,NA,NA,NA,NA,NA,NA,NA,NA,NA,NA,NA,NA,NA,NA,NA,NA,NA,NA,NA,NA,NA,NA,NA,NA,NA,NA,NA,NA,NA,NA,NA,NA,NA,NA,NA,NA,NA,NA,NA,NA,NA,NA,NA,NA,NA,NA,NA,NA,NA,NA,NA,NA,NA,NA,NA,NA,NA,NA,NA,NA,NA,NA,NA,NA,NA,NA,NA,NA,NA,NA,NA,NA,NA,NA,NA,NA,NA,NA,NA,NA,NA,NA,NA,NA,NA,NA,NA,NA,NA,NA,NA,NA,NA,NA,NA,NA,NA,NA,NA,NA,NA,NA,NA,NA,NA,NA,NA,NA,NA,NA,NA,NA,NA,NA,NA,NA,NA,NA,NA,NA,NA,NA,NA,NA,NA,NA,NA,NA
kreatywna,pl,creative,N,w1,t1,NA,NA,NA,NA,NA,NA,NA,NA,NA,NA,NA,NA,NA,NA,NA,NA,NA,NA,NA,NA,NA,NA,NA,NA,NA,NA,NA,NA,NA,NA,NA,NA,NA,NA,NA,NA,NA,NA,NA,NA,NA,NA,NA,NA,NA,NA,NA,NA,NA,NA,NA,NA,NA,NA,NA,NA,NA,NA,NA,NA,NA,NA,NA,NA,NA,NA,NA,NA,NA,NA,NA,NA,NA,NA,NA,NA,NA,NA,NA,NA,NA,NA,NA,NA,NA,NA,NA,NA,NA,NA,NA,NA,NA,NA,NA,NA,NA,NA,NA,NA,NA,NA,NA,NA,NA,NA,NA,NA,NA,NA,NA,NA,NA,NA,NA,NA,NA,NA,NA,NA,NA,NA,NA,NA,NA,NA,NA,NA,NA,NA,NA,NA,NA,NA,NA,NA,NA,NA,NA,NA,NA,NA,NA,NA,NA,NA,NA,NA,NA,NA,NA,NA,NA,NA,NA,NA,NA,NA,NA,NA,NA,NA,NA,NA,NA,NA,NA,NA,NA,NA,NA,NA,NA,NA,NA,NA,NA,NA,NA,NA,NA,NA,NA,NA,NA,NA,NA,NA,NA,NA,NA,NA,NA,NA,NA,NA,NA,NA,NA,NA,NA,NA,NA,NA,NA,NA,NA,NA,NA,NA,NA,NA,NA,NA,NA,NA,NA,NA,NA,NA,NA,NA,NA,NA,NA,NA,NA,NA,NA,NA,NA,NA,NA,NA,NA,NA,NA,NA,NA,NA,NA,NA,NA,NA,NA,NA,NA,NA,NA,NA,NA,NA,NA,NA,NA,NA,NA,NA,NA,NA,NA,NA,NA,NA,NA,NA,NA,NA,NA,NA,NA,NA,NA,NA,NA,NA,NA,NA,NA,NA,NA,NA,NA,NA,NA,NA,NA,NA,NA,NA,NA,NA,NA,NA,NA,NA,NA,NA,NA,NA
kreatywny,pl,creative,N,w1,t1,NA,NA,NA,NA,NA,NA,NA,NA,NA,NA,NA,NA,NA,NA,NA,NA,NA,NA,NA,NA,NA,NA,NA,NA,NA,NA,NA,NA,NA,NA,NA,NA,NA,NA,NA,NA,NA,NA,NA,NA,NA,NA,NA,NA,NA,NA,NA,NA,NA,NA,NA,NA,NA,NA,NA,NA,NA,NA,NA,NA,NA,NA,NA,NA,NA,NA,NA,NA,NA,NA,NA,NA,NA,NA,NA,NA,NA,NA,NA,NA,NA,NA,NA,NA,NA,NA,NA,NA,NA,NA,NA,NA,NA,NA,NA,NA,NA,NA,NA,NA,NA,NA,NA,NA,NA,NA,NA,NA,NA,NA,NA,NA,NA,NA,NA,NA,NA,NA,NA,NA,NA,NA,NA,NA,NA,NA,NA,NA,NA,NA,NA,NA,NA,NA,NA,NA,NA,NA,NA,NA,NA,NA,NA,NA,NA,NA,NA,NA,NA,NA,NA,NA,NA,NA,NA,NA,NA,NA,NA,NA,NA,NA,NA,NA,NA,NA,NA,NA,NA,NA,NA,NA,NA,NA,NA,NA,NA,NA,NA,NA,NA,NA,NA,NA,NA,NA,NA,NA,NA,NA,NA,NA,NA,NA,NA,NA,NA,NA,NA,NA,NA,NA,NA,NA,NA,NA,NA,NA,NA,NA,NA,NA,NA,NA,NA,NA,NA,NA,NA,NA,NA,NA,NA,NA,NA,NA,NA,NA,NA,NA,NA,NA,NA,NA,NA,NA,NA,NA,NA,NA,NA,NA,NA,NA,NA,NA,NA,NA,NA,NA,NA,NA,NA,NA,NA,NA,NA,NA,NA,NA,NA,NA,NA,NA,NA,NA,NA,NA,NA,NA,NA,NA,NA,NA,NA,NA,NA,NA,NA,NA,NA,NA,NA,NA,NA,NA,NA,NA,NA,NA,NA,NA,NA,NA,NA,NA,NA,NA,NA,NA
krewni,pl,relatives,M,w1,t1,NA,NA,NA,NA,NA,NA,NA,NA,NA,NA,NA,NA,NA,NA,NA,NA,NA,NA,NA,NA,NA,NA,NA,NA,NA,NA,NA,NA,NA,NA,NA,NA,NA,NA,NA,NA,NA,NA,NA,NA,NA,NA,NA,NA,NA,NA,NA,NA,NA,NA,NA,NA,NA,NA,NA,NA,NA,NA,NA,NA,NA,NA,NA,NA,NA,NA,NA,NA,NA,NA,NA,NA,NA,NA,NA,NA,NA,NA,NA,NA,NA,NA,NA,NA,NA,NA,NA,NA,NA,NA,NA,NA,NA,NA,NA,NA,NA,NA,NA,NA,NA,NA,NA,NA,NA,NA,NA,NA,NA,NA,NA,NA,NA,NA,NA,NA,NA,NA,NA,NA,NA,NA,NA,NA,NA,NA,NA,NA,NA,NA,NA,NA,NA,NA,NA,NA,NA,NA,NA,NA,NA,NA,NA,NA,NA,NA,NA,NA,NA,NA,NA,NA,NA,NA,NA,NA,NA,NA,NA,NA,NA,NA,NA,NA,NA,NA,NA,NA,NA,NA,NA,NA,NA,NA,NA,NA,NA,NA,NA,NA,NA,NA,NA,NA,NA,NA,NA,NA,NA,NA,NA,NA,NA,NA,NA,NA,NA,NA,NA,NA,NA,NA,NA,NA,NA,NA,NA,NA,NA,NA,NA,NA,NA,NA,NA,NA,NA,NA,NA,NA,NA,NA,NA,NA,NA,NA,NA,NA,NA,NA,NA,NA,NA,NA,NA,NA,NA,NA,NA,NA,NA,NA,NA,NA,NA,NA,NA,NA,NA,NA,NA,NA,NA,NA,NA,NA,NA,NA,NA,NA,NA,NA,NA,NA,NA,NA,NA,NA,NA,NA,NA,NA,NA,NA,NA,NA,NA,NA,NA,NA,NA,NA,NA,NA,NA,NA,NA,NA,NA,NA,NA,NA,NA,NA,NA,NA,NA,NA,NA,NA
krewni,pl,relatives,F,w1,t1,NA,NA,NA,NA,NA,NA,NA,NA,NA,NA,NA,NA,NA,NA,NA,NA,NA,NA,NA,NA,NA,NA,NA,NA,NA,NA,NA,NA,NA,NA,NA,NA,NA,NA,NA,NA,NA,NA,NA,NA,NA,NA,NA,NA,NA,NA,NA,NA,NA,NA,NA,NA,NA,NA,NA,NA,NA,NA,NA,NA,NA,NA,NA,NA,NA,NA,NA,NA,NA,NA,NA,NA,NA,NA,NA,NA,NA,NA,NA,NA,NA,NA,NA,NA,NA,NA,NA,NA,NA,NA,NA,NA,NA,NA,NA,NA,NA,NA,NA,NA,NA,NA,NA,NA,NA,NA,NA,NA,NA,NA,NA,NA,NA,NA,NA,NA,NA,NA,NA,NA,NA,NA,NA,NA,NA,NA,NA,NA,NA,NA,NA,NA,NA,NA,NA,NA,NA,NA,NA,NA,NA,NA,NA,NA,NA,NA,NA,NA,NA,NA,NA,NA,NA,NA,NA,NA,NA,NA,NA,NA,NA,NA,NA,NA,NA,NA,NA,NA,NA,NA,NA,NA,NA,NA,NA,NA,NA,NA,NA,NA,NA,NA,NA,NA,NA,NA,NA,NA,NA,NA,NA,NA,NA,NA,NA,NA,NA,NA,NA,NA,NA,NA,NA,NA,NA,NA,NA,NA,NA,NA,NA,NA,NA,NA,NA,NA,NA,NA,NA,NA,NA,NA,NA,NA,NA,NA,NA,NA,NA,NA,NA,NA,NA,NA,NA,NA,NA,NA,NA,NA,NA,NA,NA,NA,NA,NA,NA,NA,NA,NA,NA,NA,NA,NA,NA,NA,NA,NA,NA,NA,NA,NA,NA,NA,NA,NA,NA,NA,NA,NA,NA,NA,NA,NA,NA,NA,NA,NA,NA,NA,NA,NA,NA,NA,NA,NA,NA,NA,NA,NA,NA,NA,NA,NA,NA,NA,NA,NA,NA,NA
kuzyni,pl,cousins,M,w1,t1,NA,NA,NA,NA,NA,NA,NA,NA,NA,NA,NA,NA,NA,NA,NA,NA,NA,NA,NA,NA,NA,NA,NA,NA,NA,NA,NA,NA,NA,NA,NA,NA,NA,NA,NA,NA,NA,NA,NA,NA,NA,NA,NA,NA,NA,NA,NA,NA,NA,NA,NA,NA,NA,NA,NA,NA,NA,NA,NA,NA,NA,NA,NA,NA,NA,NA,NA,NA,NA,NA,NA,NA,NA,NA,NA,NA,NA,NA,NA,NA,NA,NA,NA,NA,NA,NA,NA,NA,NA,NA,NA,NA,NA,NA,NA,NA,NA,NA,NA,NA,NA,NA,NA,NA,NA,NA,NA,NA,NA,NA,NA,NA,NA,NA,NA,NA,NA,NA,NA,NA,NA,NA,NA,NA,NA,NA,NA,NA,NA,NA,NA,NA,NA,NA,NA,NA,NA,NA,NA,NA,NA,NA,NA,NA,NA,NA,NA,NA,NA,NA,NA,NA,NA,NA,NA,NA,NA,NA,NA,NA,NA,NA,NA,NA,NA,NA,NA,NA,NA,NA,NA,NA,NA,NA,NA,NA,NA,NA,NA,NA,NA,NA,NA,NA,NA,NA,NA,NA,NA,NA,NA,NA,NA,NA,NA,NA,NA,NA,NA,NA,NA,NA,NA,NA,NA,NA,NA,NA,NA,NA,NA,NA,NA,NA,NA,NA,NA,NA,NA,NA,NA,NA,NA,NA,NA,NA,NA,NA,NA,NA,NA,NA,NA,NA,NA,NA,NA,NA,NA,NA,NA,NA,NA,NA,NA,NA,NA,NA,NA,NA,NA,NA,NA,NA,NA,NA,NA,NA,NA,NA,NA,NA,NA,NA,NA,NA,NA,NA,NA,NA,NA,NA,NA,NA,NA,NA,NA,NA,NA,NA,NA,NA,NA,NA,NA,NA,NA,NA,NA,NA,NA,NA,NA,NA,NA,NA,NA,NA,NA,NA
kuzynki,pl,cousins,F,w1,t1,NA,NA,NA,NA,NA,NA,NA,NA,NA,NA,NA,NA,NA,NA,NA,NA,NA,NA,NA,NA,NA,NA,NA,NA,NA,NA,NA,NA,NA,NA,NA,NA,NA,NA,NA,NA,NA,NA,NA,NA,NA,NA,NA,NA,NA,NA,NA,NA,NA,NA,NA,NA,NA,NA,NA,NA,NA,NA,NA,NA,NA,NA,NA,NA,NA,NA,NA,NA,NA,NA,NA,NA,NA,NA,NA,NA,NA,NA,NA,NA,NA,NA,NA,NA,NA,NA,NA,NA,NA,NA,NA,NA,NA,NA,NA,NA,NA,NA,NA,NA,NA,NA,NA,NA,NA,NA,NA,NA,NA,NA,NA,NA,NA,NA,NA,NA,NA,NA,NA,NA,NA,NA,NA,NA,NA,NA,NA,NA,NA,NA,NA,NA,NA,NA,NA,NA,NA,NA,NA,NA,NA,NA,NA,NA,NA,NA,NA,NA,NA,NA,NA,NA,NA,NA,NA,NA,NA,NA,NA,NA,NA,NA,NA,NA,NA,NA,NA,NA,NA,NA,NA,NA,NA,NA,NA,NA,NA,NA,NA,NA,NA,NA,NA,NA,NA,NA,NA,NA,NA,NA,NA,NA,NA,NA,NA,NA,NA,NA,NA,NA,NA,NA,NA,NA,NA,NA,NA,NA,NA,NA,NA,NA,NA,NA,NA,NA,NA,NA,NA,NA,NA,NA,NA,NA,NA,NA,NA,NA,NA,NA,NA,NA,NA,NA,NA,NA,NA,NA,NA,NA,NA,NA,NA,NA,NA,NA,NA,NA,NA,NA,NA,NA,NA,NA,NA,NA,NA,NA,NA,NA,NA,NA,NA,NA,NA,NA,NA,NA,NA,NA,NA,NA,NA,NA,NA,NA,NA,NA,NA,NA,NA,NA,NA,NA,NA,NA,NA,NA,NA,NA,NA,NA,NA,NA,NA,NA,NA,NA,NA,NA
mądra,pl,super-smart,N,w2,t1,-0.072296,0.28899,-0.087449,0.27652,0.058789,-0.040095,-0.05025,0.095218,-0.13853,0.026246,-0.072948,-0.045839,-0.012374,0.034628,0.0084652,0.0081639,0.08266,0.025241,-0.068784,-0.0064625,0.060418,-0.093613,0.0020288,-0.06408,0.0083754,0.026412,0.061737,0.04083,-0.021272,-0.036907,-0.069026,-0.0056749,0.033445,-0.067716,6.7623e-4,-0.13675,0.12418,-0.028023,-0.12525,0.011567,0.092956,0.053656,0.015859,0.0042867,-0.060641,-0.13671,-0.0087985,-0.11845,-0.1392,0.033842,0.069321,0.056141,0.064063,0.061398,-0.080524,-0.026238,0.099746,0.068723,0.045976,0.057934,-0.0039958,-0.076987,0.13898,-0.01815,0.1577,0.14279,0.097647,0.28093,-0.053083,-0.12959,-0.10785,0.33287,-0.042381,0.092741,0.030642,0.096726,6.4389e-4,0.078165,-0.1974,-0.03155,-0.073536,0.10686,-0.026332,-0.023778,-0.01746,-0.063885,0.077442,0.086926,0.018498,0.2763,-0.12544,-0.091878,-0.052509,0.1059,-0.022637,-0.17575,0.015948,-0.053968,0.098291,-0.021549,0.19413,-0.072607,0.18338,0.17468,-0.007142,-0.14042,0.03048,-0.098247,0.022123,-0.086874,0.045244,-0.19255,0.097832,-0.092987,0.17036,0.039112,0.097788,-0.0097721,-0.23652,0.16708,-0.18241,-0.019416,0.12061,-0.27803,0.013934,0.059714,0.033208,0.0082051,-0.016496,0.10138,0.028256,-0.030014,-0.1657,-0.076758,0.063787,0.0035401,-0.089121,-0.044137,-0.066383,0.18999,0.12075,-0.033055,-0.11179,-0.10222,-0.013116,-0.088096,-0.0039349,-0.059391,-0.24895,0.039649,-0.2325,0.090383,0.28496,-0.1992,-0.20804,0.22305,-0.17763,-0.0057541,0.13725,-0.068406,-0.044213,-0.02459,-0.062264,-0.10612,0.19824,0.010114,0.25157,-0.27972,-0.061201,-0.13411,-0.11651,-0.0034295,-0.0047863,-0.077407,-0.013702,-0.10329,-0.038859,-0.14395,0.10945,-0.021057,-0.019765,0.029624,-0.2008,0.059508,-0.090959,0.045001,-0.026157,0.10639,-0.033997,0.22599,0.050179,0.14416,-0.03007,0.11502,-0.047326,0.019831,-0.030483,-0.10664,0.088913,0.023557,0.072508,-0.18516,0.025811,0.0042847,0.034256,-0.086241,-0.045358,-0.074704,0.030584,0.069677,-0.19662,0.082007,-0.049733,0.028784,0.035502,-0.17334,-0.031301,-0.096529,0.038689,0.11665,-0.045236,-0.013079,-0.13556000000000001,-0.021268,0.044366,-0.018467,0.11241,0.042696,0.065154,-0.033571,0.011143,0.12105,-0.055954,-0.027517,-0.056591,-0.096311,0.16804,-0.018729,-0.044251,0.05469,-0.018189,-0.083713,0.054762,-0.033116,-0.010202,0.047385,0.013725,0.026046,0.092688,-0.083976,-0.023611,-0.04192,0.058388,0.022643,0.013616,-0.1281,-0.067177,0.14497,0.028358,0.19271,0.060816,-0.054907,-0.07369,-0.043294,-0.049913,0.011441,0.019747,-0.11184,0.066851,0.015605,0.052088,0.083283,0.21511,-0.09545,-0.057697,0.19213,0.035564,-0.01645,-0.051128,0.087381,-0.16085,-0.059554,0.025257,-0.070903,0.11428,-0.11467,-0.11769,0.065689,-0.090661,-0.083555,0.0061226,-0.048509,-0.16206,-0.068989,0.14599,0.20768,-0.053137,0.047054,-0.0543,0.047122
mądry,pl,super-smart,N,w2,t1,NA,NA,NA,NA,NA,NA,NA,NA,NA,NA,NA,NA,NA,NA,NA,NA,NA,NA,NA,NA,NA,NA,NA,NA,NA,NA,NA,NA,NA,NA,NA,NA,NA,NA,NA,NA,NA,NA,NA,NA,NA,NA,NA,NA,NA,NA,NA,NA,NA,NA,NA,NA,NA,NA,NA,NA,NA,NA,NA,NA,NA,NA,NA,NA,NA,NA,NA,NA,NA,NA,NA,NA,NA,NA,NA,NA,NA,NA,NA,NA,NA,NA,NA,NA,NA,NA,NA,NA,NA,NA,NA,NA,NA,NA,NA,NA,NA,NA,NA,NA,NA,NA,NA,NA,NA,NA,NA,NA,NA,NA,NA,NA,NA,NA,NA,NA,NA,NA,NA,NA,NA,NA,NA,NA,NA,NA,NA,NA,NA,NA,NA,NA,NA,NA,NA,NA,NA,NA,NA,NA,NA,NA,NA,NA,NA,NA,NA,NA,NA,NA,NA,NA,NA,NA,NA,NA,NA,NA,NA,NA,NA,NA,NA,NA,NA,NA,NA,NA,NA,NA,NA,NA,NA,NA,NA,NA,NA,NA,NA,NA,NA,NA,NA,NA,NA,NA,NA,NA,NA,NA,NA,NA,NA,NA,NA,NA,NA,NA,NA,NA,NA,NA,NA,NA,NA,NA,NA,NA,NA,NA,NA,NA,NA,NA,NA,NA,NA,NA,NA,NA,NA,NA,NA,NA,NA,NA,NA,NA,NA,NA,NA,NA,NA,NA,NA,NA,NA,NA,NA,NA,NA,NA,NA,NA,NA,NA,NA,NA,NA,NA,NA,NA,NA,NA,NA,NA,NA,NA,NA,NA,NA,NA,NA,NA,NA,NA,NA,NA,NA,NA,NA,NA,NA,NA,NA,NA,NA,NA,NA,NA,NA,NA,NA,NA,NA,NA,NA,NA,NA,NA,NA,NA,NA,NA,NA,NA,NA,NA,NA,NA
małżeństwo,pl,marriage,N,w1,t1,NA,NA,NA,NA,NA,NA,NA,NA,NA,NA,NA,NA,NA,NA,NA,NA,NA,NA,NA,NA,NA,NA,NA,NA,NA,NA,NA,NA,NA,NA,NA,NA,NA,NA,NA,NA,NA,NA,NA,NA,NA,NA,NA,NA,NA,NA,NA,NA,NA,NA,NA,NA,NA,NA,NA,NA,NA,NA,NA,NA,NA,NA,NA,NA,NA,NA,NA,NA,NA,NA,NA,NA,NA,NA,NA,NA,NA,NA,NA,NA,NA,NA,NA,NA,NA,NA,NA,NA,NA,NA,NA,NA,NA,NA,NA,NA,NA,NA,NA,NA,NA,NA,NA,NA,NA,NA,NA,NA,NA,NA,NA,NA,NA,NA,NA,NA,NA,NA,NA,NA,NA,NA,NA,NA,NA,NA,NA,NA,NA,NA,NA,NA,NA,NA,NA,NA,NA,NA,NA,NA,NA,NA,NA,NA,NA,NA,NA,NA,NA,NA,NA,NA,NA,NA,NA,NA,NA,NA,NA,NA,NA,NA,NA,NA,NA,NA,NA,NA,NA,NA,NA,NA,NA,NA,NA,NA,NA,NA,NA,NA,NA,NA,NA,NA,NA,NA,NA,NA,NA,NA,NA,NA,NA,NA,NA,NA,NA,NA,NA,NA,NA,NA,NA,NA,NA,NA,NA,NA,NA,NA,NA,NA,NA,NA,NA,NA,NA,NA,NA,NA,NA,NA,NA,NA,NA,NA,NA,NA,NA,NA,NA,NA,NA,NA,NA,NA,NA,NA,NA,NA,NA,NA,NA,NA,NA,NA,NA,NA,NA,NA,NA,NA,NA,NA,NA,NA,NA,NA,NA,NA,NA,NA,NA,NA,NA,NA,NA,NA,NA,NA,NA,NA,NA,NA,NA,NA,NA,NA,NA,NA,NA,NA,NA,NA,NA,NA,NA,NA,NA,NA,NA,NA,NA,NA,NA,NA,NA,NA,NA,NA
męski,pl,male,N,w1,t1,NA,NA,NA,NA,NA,NA,NA,NA,NA,NA,NA,NA,NA,NA,NA,NA,NA,NA,NA,NA,NA,NA,NA,NA,NA,NA,NA,NA,NA,NA,NA,NA,NA,NA,NA,NA,NA,NA,NA,NA,NA,NA,NA,NA,NA,NA,NA,NA,NA,NA,NA,NA,NA,NA,NA,NA,NA,NA,NA,NA,NA,NA,NA,NA,NA,NA,NA,NA,NA,NA,NA,NA,NA,NA,NA,NA,NA,NA,NA,NA,NA,NA,NA,NA,NA,NA,NA,NA,NA,NA,NA,NA,NA,NA,NA,NA,NA,NA,NA,NA,NA,NA,NA,NA,NA,NA,NA,NA,NA,NA,NA,NA,NA,NA,NA,NA,NA,NA,NA,NA,NA,NA,NA,NA,NA,NA,NA,NA,NA,NA,NA,NA,NA,NA,NA,NA,NA,NA,NA,NA,NA,NA,NA,NA,NA,NA,NA,NA,NA,NA,NA,NA,NA,NA,NA,NA,NA,NA,NA,NA,NA,NA,NA,NA,NA,NA,NA,NA,NA,NA,NA,NA,NA,NA,NA,NA,NA,NA,NA,NA,NA,NA,NA,NA,NA,NA,NA,NA,NA,NA,NA,NA,NA,NA,NA,NA,NA,NA,NA,NA,NA,NA,NA,NA,NA,NA,NA,NA,NA,NA,NA,NA,NA,NA,NA,NA,NA,NA,NA,NA,NA,NA,NA,NA,NA,NA,NA,NA,NA,NA,NA,NA,NA,NA,NA,NA,NA,NA,NA,NA,NA,NA,NA,NA,NA,NA,NA,NA,NA,NA,NA,NA,NA,NA,NA,NA,NA,NA,NA,NA,NA,NA,NA,NA,NA,NA,NA,NA,NA,NA,NA,NA,NA,NA,NA,NA,NA,NA,NA,NA,NA,NA,NA,NA,NA,NA,NA,NA,NA,NA,NA,NA,NA,NA,NA,NA,NA,NA,NA,NA
mężczyzna,pl,man,N,w1,t1,NA,NA,NA,NA,NA,NA,NA,NA,NA,NA,NA,NA,NA,NA,NA,NA,NA,NA,NA,NA,NA,NA,NA,NA,NA,NA,NA,NA,NA,NA,NA,NA,NA,NA,NA,NA,NA,NA,NA,NA,NA,NA,NA,NA,NA,NA,NA,NA,NA,NA,NA,NA,NA,NA,NA,NA,NA,NA,NA,NA,NA,NA,NA,NA,NA,NA,NA,NA,NA,NA,NA,NA,NA,NA,NA,NA,NA,NA,NA,NA,NA,NA,NA,NA,NA,NA,NA,NA,NA,NA,NA,NA,NA,NA,NA,NA,NA,NA,NA,NA,NA,NA,NA,NA,NA,NA,NA,NA,NA,NA,NA,NA,NA,NA,NA,NA,NA,NA,NA,NA,NA,NA,NA,NA,NA,NA,NA,NA,NA,NA,NA,NA,NA,NA,NA,NA,NA,NA,NA,NA,NA,NA,NA,NA,NA,NA,NA,NA,NA,NA,NA,NA,NA,NA,NA,NA,NA,NA,NA,NA,NA,NA,NA,NA,NA,NA,NA,NA,NA,NA,NA,NA,NA,NA,NA,NA,NA,NA,NA,NA,NA,NA,NA,NA,NA,NA,NA,NA,NA,NA,NA,NA,NA,NA,NA,NA,NA,NA,NA,NA,NA,NA,NA,NA,NA,NA,NA,NA,NA,NA,NA,NA,NA,NA,NA,NA,NA,NA,NA,NA,NA,NA,NA,NA,NA,NA,NA,NA,NA,NA,NA,NA,NA,NA,NA,NA,NA,NA,NA,NA,NA,NA,NA,NA,NA,NA,NA,NA,NA,NA,NA,NA,NA,NA,NA,NA,NA,NA,NA,NA,NA,NA,NA,NA,NA,NA,NA,NA,NA,NA,NA,NA,NA,NA,NA,NA,NA,NA,NA,NA,NA,NA,NA,NA,NA,NA,NA,NA,NA,NA,NA,NA,NA,NA,NA,NA,NA,NA,NA,NA
on,pl,he,N,w1,t1,0.0017097,-0.21848,-0.13465,-0.019731,0.041033,0.046167,0.077712,-0.077378,-0.32263,-0.037105,0.12092,0.12587,0.18665,0.074225,0.013345,0.01849,0.21346,0.04708,-0.22719,0.016835,0.14101,0.05686,0.068142,-0.059372,0.098039,0.23025,0.03392,0.021165,0.041476,-0.019134,0.019857,0.053926,-0.14812,-0.10135,-0.19355,-0.037497,0.1127,0.013485,-0.023181,-0.10692,0.27018,0.16852,0.20425,0.069929,0.095753,-0.19781,-0.081612,-0.14182,-0.23582,0.24116,0.0064402,0.17433,0.077097,-0.014291,-0.13104,-0.054805,0.11963,0.031484,-0.037332,0.084446,0.04116,-0.10153,0.19589,0.10293,0.03043,0.23956,0.069709,0.19732,-0.098344,-0.21895,-0.12799,0.31862,0.012139,0.27068,-0.040818,0.09922,-0.039321,0.19393,-0.44687,-0.028517,-0.22661,-0.0016855,-0.070892,0.14907,-0.13454,-0.10112,0.20557,0.045674,-0.02931,0.25005,0.022512,0.13485,0.14995,0.19825,-0.13324,-0.21862,0.1888,-0.15762,0.088766,0.034377,0.3077,-0.10378,0.18795,0.2052,0.16367,-0.18845,-0.14972,-0.19065,0.067835,0.0387,0.11957,-0.17559,0.019935,-0.16984,0.20203,0.17012,0.022414,-0.14614,-0.31248,0.14376,-0.22862,-0.026046,0.15974,-0.30379,0.17736,0.066756,-0.091238,0.065182,0.0017264,0.083623,-0.0054745,-0.042735,-0.02142,0.054913,0.0085546,0.012028,0.11821,-0.16724,-0.071247,0.058952,0.2443,0.077427,-0.012723,-0.013439,-0.14754,-0.12975,0.034979,-0.14739,0.0038616,-0.032196,-0.004361,0.19872,0.2344,-0.096068,-0.28626,0.13015,-0.13538,0.15402,0.25766,-0.078961,0.17222,0.068322,-0.0918,-0.013736,0.15595,0.13874,0.30556,-0.26019,-0.16991,-0.1569,-0.21263,-0.28074,0.13901,0.18403,0.2265,-0.29714,-0.14949,-0.20321,0.2456,-0.26876,-0.11755,0.15762,-0.081812,0.17344,-0.078584,-0.041402,-0.047361,-0.15315,-0.13049,0.051908,-0.049515000000000003,-0.14824,-0.062949,0.064723,-7.9283e-5,0.11754,0.041928,-0.030109,0.046586,0.053807,0.28718,-0.21683,0.24603,0.045309,0.086262,-0.20443,-0.029682,-0.015562,0.092834,0.077676,-0.34181,0.27882,0.027963,0.037959,-5.1912e-4,-0.27245,-0.14275,-0.036047,0.18409,0.2025,-0.131,-0.15376,-0.34461,-0.10638,-0.056034,-0.15555,-0.050205,-0.081458,0.16431,0.0045378,0.16126,0.13966,-0.1804,-0.010313,-0.15538,-0.062659,-0.1001,0.028248,-0.041729,-0.054947,-0.11231,0.097265,-0.044252,0.031666,-0.087711,0.056076,0.014733,0.024225,0.092064000000000007,-0.021121,-0.083151,-0.17886,0.064083,-0.036124,-0.04799,-0.046132,-0.15989,0.27745,-0.058169,0.28008,0.062818,-0.17605,-0.17144,-0.08624,-0.055022,0.15764,-0.052307,-0.091162000000000007,0.14724,-0.078877,0.1843,0.0067342,0.23127,0.008588,0.12092,0.13936,0.061156,-0.094482,-0.032089,0.14129,-0.14351,0.084171,-0.065472,-0.13354,-0.094265,0.10562,-0.12214,0.083292,-0.093203,-0.084912,0.066024,-0.14868,-0.20845,0.033681,-0.0077475,0.12252,0.015433,-0.017726,-0.042291,-0.14204
ona,pl,she,N,w1,t1,0.15907,0.29338,-0.090099,0.36362,-0.04395,-0.30123,-0.13657,-0.17445,0.073847,0.25175,0.14106,0.080598,0.017548,0.17296,0.17188,0.18142,0.14499,0.076544,-0.12572,0.025493,0.073355,-0.2204,0.0070007,-0.22774,-0.013696,0.085085,-0.25264,-0.068631,-0.20509,-0.15975,0.099155,-0.12833,0.16923,0.083625,-0.074876,-0.19836,0.11537,0.087641,-0.16414,0.24825,-0.13865,0.13954,0.19767,-0.10821,0.11934,-0.18826,-0.0726,-0.20204,-0.25686,0.22637,0.1708,0.33167,0.072645,0.30555,-0.067242,-0.11147,0.23866,0.1771,0.10491,0.099648,-0.11026,0.043101,0.13166,0.12119,0.18358,0.11508,0.05927,0.47196,0.12682,-0.16221,-0.15947,0.59852,0.1885,0.19343,0.068355,0.20298,0.039358,0.46966,-0.42885,-0.29209,-0.20634,0.31001,0.14789,-0.3195,-0.33642,0.050909,0.097401,-0.07507,0.084654,0.5653,-0.24921,-0.090519,-0.15542,0.24292,0.095514,-0.29918,0.21411,0.023351,0.22501,0.066071,0.3735,-0.18113,0.22789,0.10409,0.023242,-0.015827,-0.09578,-0.30956,0.049272,-0.082794,0.024219,-0.18629,0.063143,0.049436,0.3108,-0.053849,0.069937,0.11474,-0.12431,0.21668,-0.056525,0.079872,-0.014446,-0.12182,-0.24216,0.10466,-0.25294,0.21583,-0.14147,0.033889,-0.11115,-0.14679,0.18497,0.10185,-0.032937,0.40086,-0.089923,-0.16918,-0.19518,0.30036,0.088348,0.10211,-0.20333,-0.1186,-0.11293,-0.40828,0.023879,-0.27164,-0.42359,0.22768,-0.45319,0.10946,0.35057,-0.1939,-0.41409,0.38323,-0.46878,0.038009,0.23004,0.020711,0.063771,0.069983,-0.19889,-0.10284,0.48851,-0.049084,0.62751,-0.5455,-0.070093,-0.16955,-0.2318,-0.31766,-0.16625,0.14898,-0.13911,-0.15304,0.19202,-0.01595,0.029517,0.079588,0.42228,-0.40609,0.27014,-0.16379,-0.016308,0.35595,-0.078478,-0.34164,-0.074623,0.25999,0.27421,0.092002,-0.012293,0.24427,0.15759,-0.0058498,0.058273,-0.090463,0.40734,-0.063325,0.082599,-0.27942,0.11097,-0.039641,0.1976,-0.078011,0.021625,-0.23862,-0.014459,0.001934,-0.47982,0.21935,-0.03805,0.078481,-0.021441,-0.53501,-0.24162,-0.32069,0.046898,0.46477,-0.14454,-0.05041,-0.21179,-0.0057403,0.0086498,-0.051722,-0.052727,-0.028143,0.048314,0.055453,-0.30873,0.093625,-0.19531,0.24439,-0.0023224,0.06593,-0.34556,-0.0060845,0.44381,0.18758,-0.32142,0.018841,-0.050196,-0.18893,0.15193,0.10419,0.15095,0.27509,0.13976,-0.17862,0.11232,-0.21534,0.078569,0.20737,-0.25395,-0.38245,-0.43017,0.062854,-0.23324,0.47266,0.10631,-0.1418,-0.070082,-0.13576,0.18501,0.12083,0.28633,0.14886,0.0027228,0.042963,-0.068284,0.0095305,-0.21456,-0.0029223,-0.22274,0.1909,0.18178,0.10454,0.061603,0.22237,-0.027158,0.050313,0.21355,-0.11086,0.37358,-0.11473,-0.57345,-0.19779,-0.28223,-0.019573,0.16245,-0.20789,-0.075484,-0.092203,0.47037,0.17493,-0.30306,0.27088,-0.30721,0.33296
pensja,pl,salary,N,w1,t1,NA,NA,NA,NA,NA,NA,NA,NA,NA,NA,NA,NA,NA,NA,NA,NA,NA,NA,NA,NA,NA,NA,NA,NA,NA,NA,NA,NA,NA,NA,NA,NA,NA,NA,NA,NA,NA,NA,NA,NA,NA,NA,NA,NA,NA,NA,NA,NA,NA,NA,NA,NA,NA,NA,NA,NA,NA,NA,NA,NA,NA,NA,NA,NA,NA,NA,NA,NA,NA,NA,NA,NA,NA,NA,NA,NA,NA,NA,NA,NA,NA,NA,NA,NA,NA,NA,NA,NA,NA,NA,NA,NA,NA,NA,NA,NA,NA,NA,NA,NA,NA,NA,NA,NA,NA,NA,NA,NA,NA,NA,NA,NA,NA,NA,NA,NA,NA,NA,NA,NA,NA,NA,NA,NA,NA,NA,NA,NA,NA,NA,NA,NA,NA,NA,NA,NA,NA,NA,NA,NA,NA,NA,NA,NA,NA,NA,NA,NA,NA,NA,NA,NA,NA,NA,NA,NA,NA,NA,NA,NA,NA,NA,NA,NA,NA,NA,NA,NA,NA,NA,NA,NA,NA,NA,NA,NA,NA,NA,NA,NA,NA,NA,NA,NA,NA,NA,NA,NA,NA,NA,NA,NA,NA,NA,NA,NA,NA,NA,NA,NA,NA,NA,NA,NA,NA,NA,NA,NA,NA,NA,NA,NA,NA,NA,NA,NA,NA,NA,NA,NA,NA,NA,NA,NA,NA,NA,NA,NA,NA,NA,NA,NA,NA,NA,NA,NA,NA,NA,NA,NA,NA,NA,NA,NA,NA,NA,NA,NA,NA,NA,NA,NA,NA,NA,NA,NA,NA,NA,NA,NA,NA,NA,NA,NA,NA,NA,NA,NA,NA,NA,NA,NA,NA,NA,NA,NA,NA,NA,NA,NA,NA,NA,NA,NA,NA,NA,NA,NA,NA,NA,NA,NA,NA,NA,NA,NA,NA,NA,NA,NA
profesjonalna,pl,professional,F,w1,t1,NA,NA,NA,NA,NA,NA,NA,NA,NA,NA,NA,NA,NA,NA,NA,NA,NA,NA,NA,NA,NA,NA,NA,NA,NA,NA,NA,NA,NA,NA,NA,NA,NA,NA,NA,NA,NA,NA,NA,NA,NA,NA,NA,NA,NA,NA,NA,NA,NA,NA,NA,NA,NA,NA,NA,NA,NA,NA,NA,NA,NA,NA,NA,NA,NA,NA,NA,NA,NA,NA,NA,NA,NA,NA,NA,NA,NA,NA,NA,NA,NA,NA,NA,NA,NA,NA,NA,NA,NA,NA,NA,NA,NA,NA,NA,NA,NA,NA,NA,NA,NA,NA,NA,NA,NA,NA,NA,NA,NA,NA,NA,NA,NA,NA,NA,NA,NA,NA,NA,NA,NA,NA,NA,NA,NA,NA,NA,NA,NA,NA,NA,NA,NA,NA,NA,NA,NA,NA,NA,NA,NA,NA,NA,NA,NA,NA,NA,NA,NA,NA,NA,NA,NA,NA,NA,NA,NA,NA,NA,NA,NA,NA,NA,NA,NA,NA,NA,NA,NA,NA,NA,NA,NA,NA,NA,NA,NA,NA,NA,NA,NA,NA,NA,NA,NA,NA,NA,NA,NA,NA,NA,NA,NA,NA,NA,NA,NA,NA,NA,NA,NA,NA,NA,NA,NA,NA,NA,NA,NA,NA,NA,NA,NA,NA,NA,NA,NA,NA,NA,NA,NA,NA,NA,NA,NA,NA,NA,NA,NA,NA,NA,NA,NA,NA,NA,NA,NA,NA,NA,NA,NA,NA,NA,NA,NA,NA,NA,NA,NA,NA,NA,NA,NA,NA,NA,NA,NA,NA,NA,NA,NA,NA,NA,NA,NA,NA,NA,NA,NA,NA,NA,NA,NA,NA,NA,NA,NA,NA,NA,NA,NA,NA,NA,NA,NA,NA,NA,NA,NA,NA,NA,NA,NA,NA,NA,NA,NA,NA,NA,NA
profesjonalny,pl,professional,M,w1,t1,NA,NA,NA,NA,NA,NA,NA,NA,NA,NA,NA,NA,NA,NA,NA,NA,NA,NA,NA,NA,NA,NA,NA,NA,NA,NA,NA,NA,NA,NA,NA,NA,NA,NA,NA,NA,NA,NA,NA,NA,NA,NA,NA,NA,NA,NA,NA,NA,NA,NA,NA,NA,NA,NA,NA,NA,NA,NA,NA,NA,NA,NA,NA,NA,NA,NA,NA,NA,NA,NA,NA,NA,NA,NA,NA,NA,NA,NA,NA,NA,NA,NA,NA,NA,NA,NA,NA,NA,NA,NA,NA,NA,NA,NA,NA,NA,NA,NA,NA,NA,NA,NA,NA,NA,NA,NA,NA,NA,NA,NA,NA,NA,NA,NA,NA,NA,NA,NA,NA,NA,NA,NA,NA,NA,NA,NA,NA,NA,NA,NA,NA,NA,NA,NA,NA,NA,NA,NA,NA,NA,NA,NA,NA,NA,NA,NA,NA,NA,NA,NA,NA,NA,NA,NA,NA,NA,NA,NA,NA,NA,NA,NA,NA,NA,NA,NA,NA,NA,NA,NA,NA,NA,NA,NA,NA,NA,NA,NA,NA,NA,NA,NA,NA,NA,NA,NA,NA,NA,NA,NA,NA,NA,NA,NA,NA,NA,NA,NA,NA,NA,NA,NA,NA,NA,NA,NA,NA,NA,NA,NA,NA,NA,NA,NA,NA,NA,NA,NA,NA,NA,NA,NA,NA,NA,NA,NA,NA,NA,NA,NA,NA,NA,NA,NA,NA,NA,NA,NA,NA,NA,NA,NA,NA,NA,NA,NA,NA,NA,NA,NA,NA,NA,NA,NA,NA,NA,NA,NA,NA,NA,NA,NA,NA,NA,NA,NA,NA,NA,NA,NA,NA,NA,NA,NA,NA,NA,NA,NA,NA,NA,NA,NA,NA,NA,NA,NA,NA,NA,NA,NA,NA,NA,NA,NA,NA,NA,NA,NA,NA,NA
rodzice,pl,parents,M,w1,t1,-0.18751,0.81694,-0.38046,0.75199,0.04885,0.18741,-0.11143,0.34365,-0.1216,-0.050479,0.0096051,-0.062857,-0.0050824,0.13685,-0.16689,-0.10032,-0.092621,0.024397,-0.053343,0.13018,0.14386,0.22235,-0.0020239,-0.41387,0.049864,0.31751,0.22077,0.090165,-0.12115,-0.22293,-0.13799,0.034223,0.014162,-0.13738,0.012275,-0.029019,0.1725,-0.021435,-0.11867,-0.033009,-0.005963,0.2942,0.038993,0.12854,-0.048625,0.094825,-0.27387,0.041282,-0.14807,0.050917,0.058109,-0.092654,-0.056399,0.021901,0.056209,-0.098256,0.055085,0.10812,0.16599,0.026733,-0.13139,0.13682,0.12608,0.023986,0.002042,0.17367,0.232,0.14385,0.08821,-0.051155,0.033294,0.33842,0.067994,-0.12128,0.082321,0.12199,0.041835,0.19798,-0.31485,0.03098,-0.11852,0.046066,-0.0039337,-0.17702,0.081445,-0.019542,0.047497,0.037514,0.059717,0.1161,-0.077781,-0.034746,-0.043842,-0.054753,-0.12857,-0.069171,-0.067298,0.13254,-0.0068849,-0.017124,-0.02491,0.025313,0.16178,-0.17618,-0.0089802,0.011014,0.14218,-0.12169,-0.076104,-0.019812,0.10216,-0.092064000000000007,0.27131,-0.16666,0.43014,0.019812,0.075247,-0.15133,-0.87376,0.30037,-0.293,-0.066446,0.23112,-0.55766,0.20319,0.32803,0.094371,-0.12181,0.20545,0.40407,-0.0046914,-0.10927,-0.36489,-0.46173,-0.0041875,0.053146,-0.10528,-0.014546,-0.19798,0.12207,0.041761,-0.016359,0.015495,-0.058399,0.014575,0.11844,0.013673,-0.046534,-0.18567,-0.10967,-0.19282,0.12353,0.18074,-0.14692,-0.21051,0.1604,0.06421,0.035879,0.063035,-0.1421,-0.0048649,-0.0077824,-0.033619,0.10851,-0.029172,-0.063579,-0.11805,-0.0022901,-0.13973,-0.092931,0.0018825,-0.11192,-0.10229,-0.049584,0.042309,0.070134,0.050412,-0.0058274,0.099486,-0.12648,-0.035283,0.0348,-0.21676,0.12362,-0.12621,-0.081025,0.0013322,0.33551,0.05933,0.18182,0.040724,0.26667,0.10944,0.0051677,0.1193,-0.099826,-0.028409,-0.15346,0.1808,0.12661,0.093425,0.10325,0.10242,-0.041241,0.08421,0.060868,0.02509,0.008578,-0.093382,0.1354,-0.13483,0.03254,-0.15488,-0.018131,0.05823,-0.088459,-0.07996,-0.082218,0.19818,0.11323,0.055769,0.007343,-0.020655,-0.12667,0.098005,0.0027212,0.17299,-0.14435,0.14533,0.048844,-0.011366,0.069851,-0.11934,0.085341,0.020231,-0.12246,0.089687,-0.066045,-0.12639,-0.026165,0.15384,-0.16402,0.031356,-0.16388,-0.069547,-0.0010471,-0.20481,-0.086684,-0.052618,0.02574,-0.1716,0.132,0.14051,-0.0096399,0.030121,-0.017032,0.02554,-0.063424,0.014817,-0.02771,-0.19087,-0.05043,-0.032574,0.073974,0.045699,0.01943,0.18482,-0.15506,0.0041409,-0.019301,0.073693,0.084928,0.034857,-0.045437,-0.013504,-0.024787,-0.0066442,-0.0789,-0.062646,-0.13862,-0.01389,-0.014537,-0.013989,-0.0035841,-0.025781,-0.069532,-0.0094249,-0.047082,-0.084063,-0.12175,0.0042732,0.067203,-0.030884000000000002,-0.027969,-0.016373,0.018245,-0.097508,0.20815,8.7055e-4,0.20415
rodzice,pl,parents,F,w1,t1,-0.18751,0.81694,-0.38046,0.75199,0.04885,0.18741,-0.11143,0.34365,-0.1216,-0.050479,0.0096051,-0.062857,-0.0050824,0.13685,-0.16689,-0.10032,-0.092621,0.024397,-0.053343,0.13018,0.14386,0.22235,-0.0020239,-0.41387,0.049864,0.31751,0.22077,0.090165,-0.12115,-0.22293,-0.13799,0.034223,0.014162,-0.13738,0.012275,-0.029019,0.1725,-0.021435,-0.11867,-0.033009,-0.005963,0.2942,0.038993,0.12854,-0.048625,0.094825,-0.27387,0.041282,-0.14807,0.050917,0.058109,-0.092654,-0.056399,0.021901,0.056209,-0.098256,0.055085,0.10812,0.16599,0.026733,-0.13139,0.13682,0.12608,0.023986,0.002042,0.17367,0.232,0.14385,0.08821,-0.051155,0.033294,0.33842,0.067994,-0.12128,0.082321,0.12199,0.041835,0.19798,-0.31485,0.03098,-0.11852,0.046066,-0.0039337,-0.17702,0.081445,-0.019542,0.047497,0.037514,0.059717,0.1161,-0.077781,-0.034746,-0.043842,-0.054753,-0.12857,-0.069171,-0.067298,0.13254,-0.0068849,-0.017124,-0.02491,0.025313,0.16178,-0.17618,-0.0089802,0.011014,0.14218,-0.12169,-0.076104,-0.019812,0.10216,-0.092064000000000007,0.27131,-0.16666,0.43014,0.019812,0.075247,-0.15133,-0.87376,0.30037,-0.293,-0.066446,0.23112,-0.55766,0.20319,0.32803,0.094371,-0.12181,0.20545,0.40407,-0.0046914,-0.10927,-0.36489,-0.46173,-0.0041875,0.053146,-0.10528,-0.014546,-0.19798,0.12207,0.041761,-0.016359,0.015495,-0.058399,0.014575,0.11844,0.013673,-0.046534,-0.18567,-0.10967,-0.19282,0.12353,0.18074,-0.14692,-0.21051,0.1604,0.06421,0.035879,0.063035,-0.1421,-0.0048649,-0.0077824,-0.033619,0.10851,-0.029172,-0.063579,-0.11805,-0.0022901,-0.13973,-0.092931,0.0018825,-0.11192,-0.10229,-0.049584,0.042309,0.070134,0.050412,-0.0058274,0.099486,-0.12648,-0.035283,0.0348,-0.21676,0.12362,-0.12621,-0.081025,0.0013322,0.33551,0.05933,0.18182,0.040724,0.26667,0.10944,0.0051677,0.1193,-0.099826,-0.028409,-0.15346,0.1808,0.12661,0.093425,0.10325,0.10242,-0.041241,0.08421,0.060868,0.02509,0.008578,-0.093382,0.1354,-0.13483,0.03254,-0.15488,-0.018131,0.05823,-0.088459,-0.07996,-0.082218,0.19818,0.11323,0.055769,0.007343,-0.020655,-0.12667,0.098005,0.0027212,0.17299,-0.14435,0.14533,0.048844,-0.011366,0.069851,-0.11934,0.085341,0.020231,-0.12246,0.089687,-0.066045,-0.12639,-0.026165,0.15384,-0.16402,0.031356,-0.16388,-0.069547,-0.0010471,-0.20481,-0.086684,-0.052618,0.02574,-0.1716,0.132,0.14051,-0.0096399,0.030121,-0.017032,0.02554,-0.063424,0.014817,-0.02771,-0.19087,-0.05043,-0.032574,0.073974,0.045699,0.01943,0.18482,-0.15506,0.0041409,-0.019301,0.073693,0.084928,0.034857,-0.045437,-0.013504,-0.024787,-0.0066442,-0.0789,-0.062646,-0.13862,-0.01389,-0.014537,-0.013989,-0.0035841,-0.025781,-0.069532,-0.0094249,-0.047082,-0.084063,-0.12175,0.0042732,0.067203,-0.030884000000000002,-0.027969,-0.016373,0.018245,-0.097508,0.20815,8.7055e-4,0.20415
rodzina,pl,family,M,w1,t1,-0.1632,0.75551,-0.38207,0.67009,0.041161,0.099058,-0.03683,0.25616,0.022722,0.033473,-0.0054954,-0.0025458,0.062294,0.28429,0.018348,-0.052031,-0.070935,0.18541,-0.059772,0.091007,0.10764,0.15745,0.13635,-0.25011,0.095344,0.37461,0.14511,0.11086,-0.22988,0.016067,-0.061722,-0.099879,-0.21337,-6.0241e-4,0.14327,0.11525,0.1503,0.0052242,-0.16022,0.10751,-0.21267,0.11636,0.12797,-0.012269,-0.085961,0.23815,-0.22494,0.13949,-0.035471,-0.020959,0.096317,-0.019742,-0.039793,0.0047415,0.11944,-0.13347,0.080199,0.17131,0.14677,-0.045848,-0.18201,0.17049,0.16757,-0.015254,0.017857,0.13996,0.24268,0.28176,0.079766,-0.1145,-0.046184,0.47881,0.07818,-0.057774,0.13664,0.14312,-0.0089281,0.28858,-0.42128,-0.07192,-0.32127,0.13928,0.025953,-0.20435,0.079745,0.039572,0.095189,-0.023311,0.099915,0.43512,-0.21572,-0.0076527,0.020299,0.073953,-0.084168,-0.1243,-0.04479,0.12547,-0.031026,0.014819,0.091724,0.027455,0.19427,-0.13799,0.087662,0.055511,0.16145,-0.20633,-0.040627,-0.07675,0.099776,-0.15022,0.27713,-0.12464,0.63844,0.054707,0.18264,-0.056205,-0.91834,0.24029,-0.27074,-0.12093,0.25219,-0.60571,0.17926,0.34713,0.15751,-0.056493,0.09406,0.44556,-0.15078,0.034729,-0.37597,-0.37419,-0.041954,0.11355,-0.051204,-0.1725,-0.31614,0.16586,0.12752,0.0069576,-0.11162,-0.12577,-0.086424,0.08754,0.016123,-0.17635,-0.21386,-0.091172,-0.15827,0.15525,0.1812,-0.070517,-0.30924,0.11861,0.027894,-0.042588,0.094391,0.0074264,0.13898,-0.10944,-0.01775,0.12895,-0.044567,-0.19148,-0.12595,0.030705,-0.16652,-0.22948,-0.18379,-0.22166,-0.101,0.028124,-0.063648,0.0013057,0.048048,0.06488,0.20796,-0.22046,0.1562,-0.095053,-0.11397,0.015074,-0.10367,0.017969,-0.06874,0.36557,0.067583,0.30777,0.10866,0.22855,0.20176,0.015466,0.18588,-0.15043,-0.061621,-0.30671,0.27226,0.10727,0.016608,0.13279,0.053557,-0.08147,0.021948,0.15613,0.14602,-0.10447,0.047798,0.20988,-0.20116,0.077436,-0.14567,-0.063653,0.031952,-0.2767,-0.074224,-0.085293,0.25652,0.18208,-4.2264e-4,0.044498,0.075786,-0.060515,0.12319,0.036262,0.22651,-0.024658,0.19547,0.032176,-0.054074,0.10582,-0.20536,0.18019,-0.046561,-0.13359,0.011184,-0.016179,0.0043367,0.027982,0.035428,-0.12836,-0.065532000000000007,-0.19338,0.1034,-0.020298,-0.28364,0.009432,0.032967,0.022055,-0.14838,-0.040548,0.14519,-0.029862,0.05347,-0.19394,-0.18732,0.061226,0.0076795,0.24078,-0.10219,-0.083782,0.014772,0.13217,0.1189,0.056852,0.18035,-0.22398,-0.09176,-0.037125,0.10369,0.17861,-0.05514,0.016529,-0.083261,0.061502,0.089767,-0.062922,-0.056004,-0.087898,0.053036,-0.057269,-0.076476,-0.15139,0.093923,-0.18416,-0.19907,-0.095482,-0.14202,-0.14786,0.091261,0.065758,-0.011369,-0.10651,-0.01222,-0.046934,-0.19946,0.30427,-0.10986,0.16124
rodzina,pl,family,F,w1,t1,-0.1632,0.75551,-0.38207,0.67009,0.041161,0.099058,-0.03683,0.25616,0.022722,0.033473,-0.0054954,-0.0025458,0.062294,0.28429,0.018348,-0.052031,-0.070935,0.18541,-0.059772,0.091007,0.10764,0.15745,0.13635,-0.25011,0.095344,0.37461,0.14511,0.11086,-0.22988,0.016067,-0.061722,-0.099879,-0.21337,-6.0241e-4,0.14327,0.11525,0.1503,0.0052242,-0.16022,0.10751,-0.21267,0.11636,0.12797,-0.012269,-0.085961,0.23815,-0.22494,0.13949,-0.035471,-0.020959,0.096317,-0.019742,-0.039793,0.0047415,0.11944,-0.13347,0.080199,0.17131,0.14677,-0.045848,-0.18201,0.17049,0.16757,-0.015254,0.017857,0.13996,0.24268,0.28176,0.079766,-0.1145,-0.046184,0.47881,0.07818,-0.057774,0.13664,0.14312,-0.0089281,0.28858,-0.42128,-0.07192,-0.32127,0.13928,0.025953,-0.20435,0.079745,0.039572,0.095189,-0.023311,0.099915,0.43512,-0.21572,-0.0076527,0.020299,0.073953,-0.084168,-0.1243,-0.04479,0.12547,-0.031026,0.014819,0.091724,0.027455,0.19427,-0.13799,0.087662,0.055511,0.16145,-0.20633,-0.040627,-0.07675,0.099776,-0.15022,0.27713,-0.12464,0.63844,0.054707,0.18264,-0.056205,-0.91834,0.24029,-0.27074,-0.12093,0.25219,-0.60571,0.17926,0.34713,0.15751,-0.056493,0.09406,0.44556,-0.15078,0.034729,-0.37597,-0.37419,-0.041954,0.11355,-0.051204,-0.1725,-0.31614,0.16586,0.12752,0.0069576,-0.11162,-0.12577,-0.086424,0.08754,0.016123,-0.17635,-0.21386,-0.091172,-0.15827,0.15525,0.1812,-0.070517,-0.30924,0.11861,0.027894,-0.042588,0.094391,0.0074264,0.13898,-0.10944,-0.01775,0.12895,-0.044567,-0.19148,-0.12595,0.030705,-0.16652,-0.22948,-0.18379,-0.22166,-0.101,0.028124,-0.063648,0.0013057,0.048048,0.06488,0.20796,-0.22046,0.1562,-0.095053,-0.11397,0.015074,-0.10367,0.017969,-0.06874,0.36557,0.067583,0.30777,0.10866,0.22855,0.20176,0.015466,0.18588,-0.15043,-0.061621,-0.30671,0.27226,0.10727,0.016608,0.13279,0.053557,-0.08147,0.021948,0.15613,0.14602,-0.10447,0.047798,0.20988,-0.20116,0.077436,-0.14567,-0.063653,0.031952,-0.2767,-0.074224,-0.085293,0.25652,0.18208,-4.2264e-4,0.044498,0.075786,-0.060515,0.12319,0.036262,0.22651,-0.024658,0.19547,0.032176,-0.054074,0.10582,-0.20536,0.18019,-0.046561,-0.13359,0.011184,-0.016179,0.0043367,0.027982,0.035428,-0.12836,-0.065532000000000007,-0.19338,0.1034,-0.020298,-0.28364,0.009432,0.032967,0.022055,-0.14838,-0.040548,0.14519,-0.029862,0.05347,-0.19394,-0.18732,0.061226,0.0076795,0.24078,-0.10219,-0.083782,0.014772,0.13217,0.1189,0.056852,0.18035,-0.22398,-0.09176,-0.037125,0.10369,0.17861,-0.05514,0.016529,-0.083261,0.061502,0.089767,-0.062922,-0.056004,-0.087898,0.053036,-0.057269,-0.076476,-0.15139,0.093923,-0.18416,-0.19907,-0.095482,-0.14202,-0.14786,0.091261,0.065758,-0.011369,-0.10651,-0.01222,-0.046934,-0.19946,0.30427,-0.10986,0.16124
siostra,pl,sister,N,w1,t1,NA,NA,NA,NA,NA,NA,NA,NA,NA,NA,NA,NA,NA,NA,NA,NA,NA,NA,NA,NA,NA,NA,NA,NA,NA,NA,NA,NA,NA,NA,NA,NA,NA,NA,NA,NA,NA,NA,NA,NA,NA,NA,NA,NA,NA,NA,NA,NA,NA,NA,NA,NA,NA,NA,NA,NA,NA,NA,NA,NA,NA,NA,NA,NA,NA,NA,NA,NA,NA,NA,NA,NA,NA,NA,NA,NA,NA,NA,NA,NA,NA,NA,NA,NA,NA,NA,NA,NA,NA,NA,NA,NA,NA,NA,NA,NA,NA,NA,NA,NA,NA,NA,NA,NA,NA,NA,NA,NA,NA,NA,NA,NA,NA,NA,NA,NA,NA,NA,NA,NA,NA,NA,NA,NA,NA,NA,NA,NA,NA,NA,NA,NA,NA,NA,NA,NA,NA,NA,NA,NA,NA,NA,NA,NA,NA,NA,NA,NA,NA,NA,NA,NA,NA,NA,NA,NA,NA,NA,NA,NA,NA,NA,NA,NA,NA,NA,NA,NA,NA,NA,NA,NA,NA,NA,NA,NA,NA,NA,NA,NA,NA,NA,NA,NA,NA,NA,NA,NA,NA,NA,NA,NA,NA,NA,NA,NA,NA,NA,NA,NA,NA,NA,NA,NA,NA,NA,NA,NA,NA,NA,NA,NA,NA,NA,NA,NA,NA,NA,NA,NA,NA,NA,NA,NA,NA,NA,NA,NA,NA,NA,NA,NA,NA,NA,NA,NA,NA,NA,NA,NA,NA,NA,NA,NA,NA,NA,NA,NA,NA,NA,NA,NA,NA,NA,NA,NA,NA,NA,NA,NA,NA,NA,NA,NA,NA,NA,NA,NA,NA,NA,NA,NA,NA,NA,NA,NA,NA,NA,NA,NA,NA,NA,NA,NA,NA,NA,NA,NA,NA,NA,NA,NA,NA,NA,NA,NA,NA,NA,NA,NA
ślub,pl,wedding,N,w1,t1,NA,NA,NA,NA,NA,NA,NA,NA,NA,NA,NA,NA,NA,NA,NA,NA,NA,NA,NA,NA,NA,NA,NA,NA,NA,NA,NA,NA,NA,NA,NA,NA,NA,NA,NA,NA,NA,NA,NA,NA,NA,NA,NA,NA,NA,NA,NA,NA,NA,NA,NA,NA,NA,NA,NA,NA,NA,NA,NA,NA,NA,NA,NA,NA,NA,NA,NA,NA,NA,NA,NA,NA,NA,NA,NA,NA,NA,NA,NA,NA,NA,NA,NA,NA,NA,NA,NA,NA,NA,NA,NA,NA,NA,NA,NA,NA,NA,NA,NA,NA,NA,NA,NA,NA,NA,NA,NA,NA,NA,NA,NA,NA,NA,NA,NA,NA,NA,NA,NA,NA,NA,NA,NA,NA,NA,NA,NA,NA,NA,NA,NA,NA,NA,NA,NA,NA,NA,NA,NA,NA,NA,NA,NA,NA,NA,NA,NA,NA,NA,NA,NA,NA,NA,NA,NA,NA,NA,NA,NA,NA,NA,NA,NA,NA,NA,NA,NA,NA,NA,NA,NA,NA,NA,NA,NA,NA,NA,NA,NA,NA,NA,NA,NA,NA,NA,NA,NA,NA,NA,NA,NA,NA,NA,NA,NA,NA,NA,NA,NA,NA,NA,NA,NA,NA,NA,NA,NA,NA,NA,NA,NA,NA,NA,NA,NA,NA,NA,NA,NA,NA,NA,NA,NA,NA,NA,NA,NA,NA,NA,NA,NA,NA,NA,NA,NA,NA,NA,NA,NA,NA,NA,NA,NA,NA,NA,NA,NA,NA,NA,NA,NA,NA,NA,NA,NA,NA,NA,NA,NA,NA,NA,NA,NA,NA,NA,NA,NA,NA,NA,NA,NA,NA,NA,NA,NA,NA,NA,NA,NA,NA,NA,NA,NA,NA,NA,NA,NA,NA,NA,NA,NA,NA,NA,NA,NA,NA,NA,NA,NA,NA
syn,pl,son,N,w1,t1,NA,NA,NA,NA,NA,NA,NA,NA,NA,NA,NA,NA,NA,NA,NA,NA,NA,NA,NA,NA,NA,NA,NA,NA,NA,NA,NA,NA,NA,NA,NA,NA,NA,NA,NA,NA,NA,NA,NA,NA,NA,NA,NA,NA,NA,NA,NA,NA,NA,NA,NA,NA,NA,NA,NA,NA,NA,NA,NA,NA,NA,NA,NA,NA,NA,NA,NA,NA,NA,NA,NA,NA,NA,NA,NA,NA,NA,NA,NA,NA,NA,NA,NA,NA,NA,NA,NA,NA,NA,NA,NA,NA,NA,NA,NA,NA,NA,NA,NA,NA,NA,NA,NA,NA,NA,NA,NA,NA,NA,NA,NA,NA,NA,NA,NA,NA,NA,NA,NA,NA,NA,NA,NA,NA,NA,NA,NA,NA,NA,NA,NA,NA,NA,NA,NA,NA,NA,NA,NA,NA,NA,NA,NA,NA,NA,NA,NA,NA,NA,NA,NA,NA,NA,NA,NA,NA,NA,NA,NA,NA,NA,NA,NA,NA,NA,NA,NA,NA,NA,NA,NA,NA,NA,NA,NA,NA,NA,NA,NA,NA,NA,NA,NA,NA,NA,NA,NA,NA,NA,NA,NA,NA,NA,NA,NA,NA,NA,NA,NA,NA,NA,NA,NA,NA,NA,NA,NA,NA,NA,NA,NA,NA,NA,NA,NA,NA,NA,NA,NA,NA,NA,NA,NA,NA,NA,NA,NA,NA,NA,NA,NA,NA,NA,NA,NA,NA,NA,NA,NA,NA,NA,NA,NA,NA,NA,NA,NA,NA,NA,NA,NA,NA,NA,NA,NA,NA,NA,NA,NA,NA,NA,NA,NA,NA,NA,NA,NA,NA,NA,NA,NA,NA,NA,NA,NA,NA,NA,NA,NA,NA,NA,NA,NA,NA,NA,NA,NA,NA,NA,NA,NA,NA,NA,NA,NA,NA,NA,NA,NA,NA
zarząd,pl,management,M,w1,t1,NA,NA,NA,NA,NA,NA,NA,NA,NA,NA,NA,NA,NA,NA,NA,NA,NA,NA,NA,NA,NA,NA,NA,NA,NA,NA,NA,NA,NA,NA,NA,NA,NA,NA,NA,NA,NA,NA,NA,NA,NA,NA,NA,NA,NA,NA,NA,NA,NA,NA,NA,NA,NA,NA,NA,NA,NA,NA,NA,NA,NA,NA,NA,NA,NA,NA,NA,NA,NA,NA,NA,NA,NA,NA,NA,NA,NA,NA,NA,NA,NA,NA,NA,NA,NA,NA,NA,NA,NA,NA,NA,NA,NA,NA,NA,NA,NA,NA,NA,NA,NA,NA,NA,NA,NA,NA,NA,NA,NA,NA,NA,NA,NA,NA,NA,NA,NA,NA,NA,NA,NA,NA,NA,NA,NA,NA,NA,NA,NA,NA,NA,NA,NA,NA,NA,NA,NA,NA,NA,NA,NA,NA,NA,NA,NA,NA,NA,NA,NA,NA,NA,NA,NA,NA,NA,NA,NA,NA,NA,NA,NA,NA,NA,NA,NA,NA,NA,NA,NA,NA,NA,NA,NA,NA,NA,NA,NA,NA,NA,NA,NA,NA,NA,NA,NA,NA,NA,NA,NA,NA,NA,NA,NA,NA,NA,NA,NA,NA,NA,NA,NA,NA,NA,NA,NA,NA,NA,NA,NA,NA,NA,NA,NA,NA,NA,NA,NA,NA,NA,NA,NA,NA,NA,NA,NA,NA,NA,NA,NA,NA,NA,NA,NA,NA,NA,NA,NA,NA,NA,NA,NA,NA,NA,NA,NA,NA,NA,NA,NA,NA,NA,NA,NA,NA,NA,NA,NA,NA,NA,NA,NA,NA,NA,NA,NA,NA,NA,NA,NA,NA,NA,NA,NA,NA,NA,NA,NA,NA,NA,NA,NA,NA,NA,NA,NA,NA,NA,NA,NA,NA,NA,NA,NA,NA,NA,NA,NA,NA,NA,NA
zarząd,pl,management,F,w1,t1,NA,NA,NA,NA,NA,NA,NA,NA,NA,NA,NA,NA,NA,NA,NA,NA,NA,NA,NA,NA,NA,NA,NA,NA,NA,NA,NA,NA,NA,NA,NA,NA,NA,NA,NA,NA,NA,NA,NA,NA,NA,NA,NA,NA,NA,NA,NA,NA,NA,NA,NA,NA,NA,NA,NA,NA,NA,NA,NA,NA,NA,NA,NA,NA,NA,NA,NA,NA,NA,NA,NA,NA,NA,NA,NA,NA,NA,NA,NA,NA,NA,NA,NA,NA,NA,NA,NA,NA,NA,NA,NA,NA,NA,NA,NA,NA,NA,NA,NA,NA,NA,NA,NA,NA,NA,NA,NA,NA,NA,NA,NA,NA,NA,NA,NA,NA,NA,NA,NA,NA,NA,NA,NA,NA,NA,NA,NA,NA,NA,NA,NA,NA,NA,NA,NA,NA,NA,NA,NA,NA,NA,NA,NA,NA,NA,NA,NA,NA,NA,NA,NA,NA,NA,NA,NA,NA,NA,NA,NA,NA,NA,NA,NA,NA,NA,NA,NA,NA,NA,NA,NA,NA,NA,NA,NA,NA,NA,NA,NA,NA,NA,NA,NA,NA,NA,NA,NA,NA,NA,NA,NA,NA,NA,NA,NA,NA,NA,NA,NA,NA,NA,NA,NA,NA,NA,NA,NA,NA,NA,NA,NA,NA,NA,NA,NA,NA,NA,NA,NA,NA,NA,NA,NA,NA,NA,NA,NA,NA,NA,NA,NA,NA,NA,NA,NA,NA,NA,NA,NA,NA,NA,NA,NA,NA,NA,NA,NA,NA,NA,NA,NA,NA,NA,NA,NA,NA,NA,NA,NA,NA,NA,NA,NA,NA,NA,NA,NA,NA,NA,NA,NA,NA,NA,NA,NA,NA,NA,NA,NA,NA,NA,NA,NA,NA,NA,NA,NA,NA,NA,NA,NA,NA,NA,NA,NA,NA,NA,NA,NA,NA
żeński,pl,female,N,w1,t1,NA,NA,NA,NA,NA,NA,NA,NA,NA,NA,NA,NA,NA,NA,NA,NA,NA,NA,NA,NA,NA,NA,NA,NA,NA,NA,NA,NA,NA,NA,NA,NA,NA,NA,NA,NA,NA,NA,NA,NA,NA,NA,NA,NA,NA,NA,NA,NA,NA,NA,NA,NA,NA,NA,NA,NA,NA,NA,NA,NA,NA,NA,NA,NA,NA,NA,NA,NA,NA,NA,NA,NA,NA,NA,NA,NA,NA,NA,NA,NA,NA,NA,NA,NA,NA,NA,NA,NA,NA,NA,NA,NA,NA,NA,NA,NA,NA,NA,NA,NA,NA,NA,NA,NA,NA,NA,NA,NA,NA,NA,NA,NA,NA,NA,NA,NA,NA,NA,NA,NA,NA,NA,NA,NA,NA,NA,NA,NA,NA,NA,NA,NA,NA,NA,NA,NA,NA,NA,NA,NA,NA,NA,NA,NA,NA,NA,NA,NA,NA,NA,NA,NA,NA,NA,NA,NA,NA,NA,NA,NA,NA,NA,NA,NA,NA,NA,NA,NA,NA,NA,NA,NA,NA,NA,NA,NA,NA,NA,NA,NA,NA,NA,NA,NA,NA,NA,NA,NA,NA,NA,NA,NA,NA,NA,NA,NA,NA,NA,NA,NA,NA,NA,NA,NA,NA,NA,NA,NA,NA,NA,NA,NA,NA,NA,NA,NA,NA,NA,NA,NA,NA,NA,NA,NA,NA,NA,NA,NA,NA,NA,NA,NA,NA,NA,NA,NA,NA,NA,NA,NA,NA,NA,NA,NA,NA,NA,NA,NA,NA,NA,NA,NA,NA,NA,NA,NA,NA,NA,NA,NA,NA,NA,NA,NA,NA,NA,NA,NA,NA,NA,NA,NA,NA,NA,NA,NA,NA,NA,NA,NA,NA,NA,NA,NA,NA,NA,NA,NA,NA,NA,NA,NA,NA,NA,NA,NA,NA,NA,NA,NA
